0 verbose cli C:\Program Files\nodejs\node.exe C:\Program Files\nodejs\node_modules\npm\bin\npm-cli.js
1 info using npm@11.17.0
2 info using node@v24.19.0
3 silly config load:file:C:\Program Files\nodejs\node_modules\npm\npmrc
4 silly config load:file:C:\SIH26142-SRM\frontend\.npmrc
5 silly config load:file:C:\Users\VICTUS\.npmrc
6 silly config load:file:C:\Users\VICTUS\AppData\Roaming\npm\etc\npmrc
7 verbose title npm install
8 verbose argv "install" "--cache" ".npm-cache"
9 verbose logfile logs-max:10 dir:C:\SIH26142-SRM\frontend\.npm-cache\_logs\2026-08-26T17_38_06_400Z-
10 verbose logfile C:\SIH26142-SRM\frontend\.npm-cache\_logs\2026-08-26T17_38_06_400Z-debug-0.log
11 silly logfile done cleaning log files
12 silly packumentCache heap:4496293888 maxSize:1124073472 maxEntrySize:562036736
13 silly idealTree buildDeps
14 silly fetch manifest @vitejs/plugin-react@latest
15 silly packumentCache full:https://registry.npmjs.org/@vitejs%2fplugin-react cache-miss
16 http fetch GET 200 https://registry.npmjs.org/npm 498ms
17 http fetch GET 200 https://registry.npmjs.org/@vitejs%2fplugin-react 545ms (cache miss)
18 silly packumentCache full:https://registry.npmjs.org/@vitejs%2fplugin-react set size:undefined disposed:false
19 silly fetch manifest @rolldown/plugin-babel@^0.1.7 || ^0.2.0
20 silly packumentCache full:https://registry.npmjs.org/@rolldown%2fplugin-babel cache-miss
21 http fetch GET 200 https://registry.npmjs.org/@rolldown%2fplugin-babel 85ms (cache miss)
22 silly packumentCache full:https://registry.npmjs.org/@rolldown%2fplugin-babel set size:undefined disposed:false
23 silly fetch manifest @babel/core@^7.29.0 || ^8.0.0-rc.1
24 silly packumentCache full:https://registry.npmjs.org/@babel%2fcore cache-miss
25 http fetch GET 200 https://registry.npmjs.org/@babel%2fcore 240ms (cache miss)
26 silly packumentCache full:https://registry.npmjs.org/@babel%2fcore set size:undefined disposed:false
27 silly fetch manifest @babel/plugin-transform-runtime@^7.29.0 || ^8.0.0-rc.1
28 silly packumentCache full:https://registry.npmjs.org/@babel%2fplugin-transform-runtime cache-miss
29 http fetch GET 200 https://registry.npmjs.org/@babel%2fplugin-transform-runtime 355ms (cache miss)
30 silly packumentCache full:https://registry.npmjs.org/@babel%2fplugin-transform-runtime set size:undefined disposed:false
31 silly fetch manifest @babel/runtime@^7.27.0 || ^8.0.0-rc.1
32 silly packumentCache full:https://registry.npmjs.org/@babel%2fruntime cache-miss
33 http fetch GET 200 https://registry.npmjs.org/@babel%2fruntime 281ms (cache miss)
34 silly packumentCache full:https://registry.npmjs.org/@babel%2fruntime set size:undefined disposed:false
35 silly fetch manifest rolldown@^1.0.0-rc.5
36 silly packumentCache full:https://registry.npmjs.org/rolldown cache-miss
37 http fetch GET 200 https://registry.npmjs.org/rolldown 187ms (cache miss)
38 silly packumentCache full:https://registry.npmjs.org/rolldown set size:undefined disposed:false
39 silly fetch manifest vite@latest
40 silly packumentCache full:https://registry.npmjs.org/vite cache-miss
41 http fetch GET 200 https://registry.npmjs.org/vite 1389ms (cache miss)
42 silly packumentCache full:https://registry.npmjs.org/vite set size:undefined disposed:false
43 silly fetch manifest @types/node@^20.19.0 || >=22.12.0
44 silly packumentCache full:https://registry.npmjs.org/@types%2fnode cache-miss
45 http fetch GET 200 https://registry.npmjs.org/@types%2fnode 364ms (cache miss)
46 silly packumentCache full:https://registry.npmjs.org/@types%2fnode set size:undefined disposed:false
47 silly fetch manifest @vitejs/devtools@^0.4.0 || ^0.5.0
48 silly packumentCache full:https://registry.npmjs.org/@vitejs%2fdevtools cache-miss
49 http fetch GET 200 https://registry.npmjs.org/@vitejs%2fdevtools 96ms (cache miss)
50 silly packumentCache full:https://registry.npmjs.org/@vitejs%2fdevtools set size:undefined disposed:false
51 silly fetch manifest @vitejs/devtools-oxc@^0.5.2
52 silly packumentCache full:https://registry.npmjs.org/@vitejs%2fdevtools-oxc cache-miss
53 http fetch GET 200 https://registry.npmjs.org/@vitejs%2fdevtools-oxc 88ms (cache miss)
54 silly packumentCache full:https://registry.npmjs.org/@vitejs%2fdevtools-oxc set size:undefined disposed:false
55 silly fetch manifest @vitejs/devtools-rolldown@^0.5.2
56 silly packumentCache full:https://registry.npmjs.org/@vitejs%2fdevtools-rolldown cache-miss
57 http fetch GET 200 https://registry.npmjs.org/@vitejs%2fdevtools-rolldown 99ms (cache miss)
58 silly packumentCache full:https://registry.npmjs.org/@vitejs%2fdevtools-rolldown set size:undefined disposed:false
59 silly fetch manifest @vitejs/devtools-vite@^0.5.2
60 silly packumentCache full:https://registry.npmjs.org/@vitejs%2fdevtools-vite cache-miss
61 http fetch GET 200 https://registry.npmjs.org/@vitejs%2fdevtools-vite 97ms (cache miss)
62 silly packumentCache full:https://registry.npmjs.org/@vitejs%2fdevtools-vite set size:undefined disposed:false
63 silly fetch manifest @vitejs/devtools-vitest@^0.5.2
64 silly packumentCache full:https://registry.npmjs.org/@vitejs%2fdevtools-vitest cache-miss
65 http fetch GET 200 https://registry.npmjs.org/@vitejs%2fdevtools-vitest 299ms (cache miss)
66 silly packumentCache full:https://registry.npmjs.org/@vitejs%2fdevtools-vitest set size:undefined disposed:false
67 silly fetch manifest vitest@*
68 silly packumentCache full:https://registry.npmjs.org/vitest cache-miss
69 http fetch GET 200 https://registry.npmjs.org/vitest 151ms (cache miss)
70 silly packumentCache full:https://registry.npmjs.org/vitest set size:undefined disposed:false
71 silly fetch manifest @edge-runtime/vm@*
72 silly packumentCache full:https://registry.npmjs.org/@edge-runtime%2fvm cache-miss
73 http fetch GET 200 https://registry.npmjs.org/@edge-runtime%2fvm 360ms (cache miss)
74 silly packumentCache full:https://registry.npmjs.org/@edge-runtime%2fvm set size:undefined disposed:false
75 silly fetch manifest @opentelemetry/api@^1.9.0
76 silly packumentCache full:https://registry.npmjs.org/@opentelemetry%2fapi cache-miss
77 http fetch GET 200 https://registry.npmjs.org/@opentelemetry%2fapi 90ms (cache miss)
78 silly packumentCache full:https://registry.npmjs.org/@opentelemetry%2fapi set size:undefined disposed:false
79 silly fetch manifest @vitest/browser-playwright@4.1.11
80 silly packumentCache full:https://registry.npmjs.org/@vitest%2fbrowser-playwright cache-miss
81 http fetch GET 200 https://registry.npmjs.org/@vitest%2fbrowser-playwright 92ms (cache miss)
82 silly packumentCache full:https://registry.npmjs.org/@vitest%2fbrowser-playwright set size:undefined disposed:false
83 silly fetch manifest playwright@*
84 silly packumentCache full:https://registry.npmjs.org/playwright cache-miss
85 http fetch GET 200 https://registry.npmjs.org/playwright 565ms (cache miss)
86 silly packumentCache full:https://registry.npmjs.org/playwright set size:undefined disposed:false
87 silly fetch manifest @vitest/browser-preview@4.1.11
88 silly packumentCache full:https://registry.npmjs.org/@vitest%2fbrowser-preview cache-miss
89 http fetch GET 200 https://registry.npmjs.org/@vitest%2fbrowser-preview 115ms (cache miss)
90 silly packumentCache full:https://registry.npmjs.org/@vitest%2fbrowser-preview set size:undefined disposed:false
91 silly fetch manifest @vitest/browser-webdriverio@4.1.11
92 silly packumentCache full:https://registry.npmjs.org/@vitest%2fbrowser-webdriverio cache-miss
93 http fetch GET 200 https://registry.npmjs.org/@vitest%2fbrowser-webdriverio 88ms (cache miss)
94 silly packumentCache full:https://registry.npmjs.org/@vitest%2fbrowser-webdriverio set size:undefined disposed:false
95 silly fetch manifest webdriverio@*
96 silly packumentCache full:https://registry.npmjs.org/webdriverio cache-miss
97 http fetch GET 200 https://registry.npmjs.org/webdriverio 243ms (cache miss)
98 silly packumentCache full:https://registry.npmjs.org/webdriverio set size:undefined disposed:false
99 silly fetch manifest puppeteer-core@>=22.x <=24.x
100 silly packumentCache full:https://registry.npmjs.org/puppeteer-core cache-miss
101 http fetch GET 200 https://registry.npmjs.org/puppeteer-core 182ms (cache miss)
102 silly packumentCache full:https://registry.npmjs.org/puppeteer-core set size:undefined disposed:false
103 silly fetch manifest @vitest/coverage-istanbul@4.1.11
104 silly packumentCache full:https://registry.npmjs.org/@vitest%2fcoverage-istanbul cache-miss
105 http fetch GET 200 https://registry.npmjs.org/@vitest%2fcoverage-istanbul 109ms (cache miss)
106 silly packumentCache full:https://registry.npmjs.org/@vitest%2fcoverage-istanbul set size:undefined disposed:false
107 silly fetch manifest @vitest/coverage-v8@4.1.11
108 silly packumentCache full:https://registry.npmjs.org/@vitest%2fcoverage-v8 cache-miss
109 http fetch GET 200 https://registry.npmjs.org/@vitest%2fcoverage-v8 95ms (cache miss)
110 silly packumentCache full:https://registry.npmjs.org/@vitest%2fcoverage-v8 set size:undefined disposed:false
111 silly fetch manifest @vitest/browser@4.1.11
112 silly packumentCache full:https://registry.npmjs.org/@vitest%2fbrowser cache-miss
113 http fetch GET 200 https://registry.npmjs.org/@vitest%2fbrowser 108ms (cache miss)
114 silly packumentCache full:https://registry.npmjs.org/@vitest%2fbrowser set size:undefined disposed:false
115 silly fetch manifest @vitest/ui@4.1.11
116 silly packumentCache full:https://registry.npmjs.org/@vitest%2fui cache-miss
117 http fetch GET 200 https://registry.npmjs.org/@vitest%2fui 139ms (cache miss)
118 silly packumentCache full:https://registry.npmjs.org/@vitest%2fui set size:undefined disposed:false
119 silly fetch manifest happy-dom@*
120 silly packumentCache full:https://registry.npmjs.org/happy-dom cache-miss
121 http fetch GET 200 https://registry.npmjs.org/happy-dom 244ms (cache miss)
122 silly packumentCache full:https://registry.npmjs.org/happy-dom set size:undefined disposed:false
123 silly fetch manifest jsdom@*
124 silly packumentCache full:https://registry.npmjs.org/jsdom cache-miss
125 http fetch GET 200 https://registry.npmjs.org/jsdom 131ms (cache miss)
126 silly packumentCache full:https://registry.npmjs.org/jsdom set size:undefined disposed:false
127 silly fetch manifest canvas@^3.2.3
128 silly packumentCache full:https://registry.npmjs.org/canvas cache-miss
129 http fetch GET 200 https://registry.npmjs.org/canvas 102ms (cache miss)
130 silly packumentCache full:https://registry.npmjs.org/canvas set size:undefined disposed:false
131 silly fetch manifest esbuild@^0.27.0 || ^0.28.0
132 silly packumentCache full:https://registry.npmjs.org/esbuild cache-miss
133 http fetch GET 200 https://registry.npmjs.org/esbuild 144ms (cache miss)
134 silly packumentCache full:https://registry.npmjs.org/esbuild set size:undefined disposed:false
135 silly fetch manifest jiti@>=1.21.0
136 silly packumentCache full:https://registry.npmjs.org/jiti cache-miss
137 http fetch GET 200 https://registry.npmjs.org/jiti 119ms (cache miss)
138 silly packumentCache full:https://registry.npmjs.org/jiti set size:undefined disposed:false
139 silly fetch manifest less@^4.0.0
140 silly packumentCache full:https://registry.npmjs.org/less cache-miss
141 http fetch GET 200 https://registry.npmjs.org/less 108ms (cache miss)
142 silly packumentCache full:https://registry.npmjs.org/less set size:undefined disposed:false
143 silly fetch manifest sass@^1.70.0
144 silly packumentCache full:https://registry.npmjs.org/sass cache-miss
145 http fetch GET 200 https://registry.npmjs.org/sass 135ms (cache miss)
146 silly packumentCache full:https://registry.npmjs.org/sass set size:undefined disposed:false
147 silly fetch manifest sass-embedded@^1.70.0
148 silly packumentCache full:https://registry.npmjs.org/sass-embedded cache-miss
149 http fetch GET 200 https://registry.npmjs.org/sass-embedded 94ms (cache miss)
150 silly packumentCache full:https://registry.npmjs.org/sass-embedded set size:undefined disposed:false
151 silly fetch manifest stylus@>=0.54.8
152 silly packumentCache full:https://registry.npmjs.org/stylus cache-miss
153 http fetch GET 200 https://registry.npmjs.org/stylus 96ms (cache miss)
154 silly packumentCache full:https://registry.npmjs.org/stylus set size:undefined disposed:false
155 silly fetch manifest sugarss@^5.0.0
156 silly packumentCache full:https://registry.npmjs.org/sugarss cache-miss
157 http fetch GET 200 https://registry.npmjs.org/sugarss 80ms (cache miss)
158 silly packumentCache full:https://registry.npmjs.org/sugarss set size:undefined disposed:false
159 silly fetch manifest postcss@latest
160 silly packumentCache full:https://registry.npmjs.org/postcss cache-miss
161 http fetch GET 200 https://registry.npmjs.org/postcss 102ms (cache miss)
162 silly packumentCache full:https://registry.npmjs.org/postcss set size:undefined disposed:false
163 silly fetch manifest terser@^5.16.0
164 silly packumentCache full:https://registry.npmjs.org/terser cache-miss
165 http fetch GET 200 https://registry.npmjs.org/terser 109ms (cache miss)
166 silly packumentCache full:https://registry.npmjs.org/terser set size:undefined disposed:false
167 silly fetch manifest tsx@^4.8.1
168 silly packumentCache full:https://registry.npmjs.org/tsx cache-miss
169 http fetch GET 200 https://registry.npmjs.org/tsx 93ms (cache miss)
170 silly packumentCache full:https://registry.npmjs.org/tsx set size:undefined disposed:false
171 silly fetch manifest yaml@^2.4.2
172 silly packumentCache full:https://registry.npmjs.org/yaml cache-miss
173 http fetch GET 200 https://registry.npmjs.org/yaml 89ms (cache miss)
174 silly packumentCache full:https://registry.npmjs.org/yaml set size:undefined disposed:false
175 silly fetch manifest babel-plugin-react-compiler@^1.0.0
176 silly packumentCache full:https://registry.npmjs.org/babel-plugin-react-compiler cache-miss
177 http fetch GET 200 https://registry.npmjs.org/babel-plugin-react-compiler 111ms (cache miss)
178 silly packumentCache full:https://registry.npmjs.org/babel-plugin-react-compiler set size:undefined disposed:false
179 silly fetch manifest oxc-transform-react@^0.145.0
180 silly packumentCache full:https://registry.npmjs.org/oxc-transform-react cache-miss
181 http fetch GET 200 https://registry.npmjs.org/oxc-transform-react 111ms (cache miss)
182 silly packumentCache full:https://registry.npmjs.org/oxc-transform-react set size:undefined disposed:false
183 silly fetch manifest typescript@latest
184 silly packumentCache full:https://registry.npmjs.org/typescript cache-miss
185 http fetch GET 200 https://registry.npmjs.org/typescript 655ms (cache miss)
186 silly packumentCache full:https://registry.npmjs.org/typescript set size:undefined disposed:false
187 silly fetch manifest react@latest
188 silly packumentCache full:https://registry.npmjs.org/react cache-miss
189 http fetch GET 200 https://registry.npmjs.org/react 255ms (cache miss)
190 silly packumentCache full:https://registry.npmjs.org/react set size:undefined disposed:false
191 silly fetch manifest react-dom@latest
192 silly packumentCache full:https://registry.npmjs.org/react-dom cache-miss
193 http fetch GET 200 https://registry.npmjs.org/react-dom 306ms (cache miss)
194 silly packumentCache full:https://registry.npmjs.org/react-dom set size:undefined disposed:false
195 silly fetch manifest recharts@latest
196 silly packumentCache full:https://registry.npmjs.org/recharts cache-miss
197 http fetch GET 200 https://registry.npmjs.org/recharts 142ms (cache miss)
198 silly packumentCache full:https://registry.npmjs.org/recharts set size:undefined disposed:false
199 silly fetch manifest react-is@^16.8.0 || ^17.0.0 || ^18.0.0 || ^19.0.0
200 silly packumentCache full:https://registry.npmjs.org/react-is cache-miss
201 http fetch GET 200 https://registry.npmjs.org/react-is 241ms (cache miss)
202 silly packumentCache full:https://registry.npmjs.org/react-is set size:undefined disposed:false
203 silly fetch manifest lucide-react@latest
204 silly packumentCache full:https://registry.npmjs.org/lucide-react cache-miss
205 http fetch GET 200 https://registry.npmjs.org/lucide-react 176ms (cache miss)
206 silly packumentCache full:https://registry.npmjs.org/lucide-react set size:undefined disposed:false
207 silly fetch manifest tailwindcss@latest
208 silly packumentCache full:https://registry.npmjs.org/tailwindcss cache-miss
209 http fetch GET 200 https://registry.npmjs.org/tailwindcss 374ms (cache miss)
210 silly packumentCache full:https://registry.npmjs.org/tailwindcss set size:undefined disposed:false
211 silly fetch manifest autoprefixer@latest
212 silly packumentCache full:https://registry.npmjs.org/autoprefixer cache-miss
213 http fetch GET 200 https://registry.npmjs.org/autoprefixer 141ms (cache miss)
214 silly packumentCache full:https://registry.npmjs.org/autoprefixer set size:undefined disposed:false
215 silly fetch manifest @types/react@latest
216 silly packumentCache full:https://registry.npmjs.org/@types%2freact cache-miss
217 http fetch GET 200 https://registry.npmjs.org/@types%2freact 182ms (cache miss)
218 silly packumentCache full:https://registry.npmjs.org/@types%2freact set size:undefined disposed:false
219 silly fetch manifest @types/react-dom@latest
220 silly packumentCache full:https://registry.npmjs.org/@types%2freact-dom cache-miss
221 http fetch GET 200 https://registry.npmjs.org/@types%2freact-dom 113ms (cache miss)
222 silly packumentCache full:https://registry.npmjs.org/@types%2freact-dom set size:undefined disposed:false
223 silly placeDep ROOT @types/react@19.2.18 OK for: sih26142-judge-prototype@0.1.0 want: latest
224 silly placeDep ROOT @types/react-dom@19.2.5 OK for: sih26142-judge-prototype@0.1.0 want: latest
225 silly placeDep ROOT @vitejs/plugin-react@6.1.0 OK for: sih26142-judge-prototype@0.1.0 want: latest
226 silly placeDep ROOT vite@8.2.2 OK for: @vitejs/plugin-react@6.1.0 want: ^8.0.0
227 silly placeDep ROOT autoprefixer@10.5.4 OK for: sih26142-judge-prototype@0.1.0 want: latest
228 silly placeDep ROOT postcss@8.5.26 OK for: autoprefixer@10.5.4 want: ^8.1.0
229 silly placeDep ROOT lucide-react@1.34.0 OK for: sih26142-judge-prototype@0.1.0 want: latest
230 silly placeDep ROOT react@19.2.8 OK for: lucide-react@1.34.0 want: ^16.5.1 || ^17.0.0 || ^18.0.0 || ^19.0.0
231 silly placeDep ROOT react-dom@19.2.8 OK for: sih26142-judge-prototype@0.1.0 want: latest
232 silly placeDep ROOT recharts@3.10.1 OK for: sih26142-judge-prototype@0.1.0 want: latest
233 silly placeDep ROOT react-is@19.2.8 OK for: recharts@3.10.1 want: ^16.8.0 || ^17.0.0 || ^18.0.0 || ^19.0.0
234 silly placeDep ROOT tailwindcss@4.3.3 OK for: sih26142-judge-prototype@0.1.0 want: latest
235 silly placeDep ROOT typescript@7.0.2 OK for: sih26142-judge-prototype@0.1.0 want: latest
236 silly fetch manifest csstype@^3.2.2
237 silly packumentCache full:https://registry.npmjs.org/csstype cache-miss
238 silly fetch manifest @rolldown/pluginutils@^1.0.1
239 silly packumentCache full:https://registry.npmjs.org/@rolldown%2fpluginutils cache-miss
240 silly fetch manifest postcss@^8.5.26
241 silly packumentCache full:https://registry.npmjs.org/postcss cache-miss
242 http cache https://registry.npmjs.org/postcss 36ms (cache hit)
243 silly packumentCache full:https://registry.npmjs.org/postcss set size:760024 disposed:false
244 silly fetch manifest rolldown@~1.2.4
245 silly packumentCache full:https://registry.npmjs.org/rolldown cache-miss
246 http cache https://registry.npmjs.org/rolldown 71ms (cache hit)
247 silly packumentCache full:https://registry.npmjs.org/rolldown set size:3801673 disposed:false
248 silly fetch manifest picomatch@^4.0.5
249 silly packumentCache full:https://registry.npmjs.org/picomatch cache-miss
250 http fetch GET 200 https://registry.npmjs.org/csstype 231ms (cache miss)
251 silly packumentCache full:https://registry.npmjs.org/csstype set size:undefined disposed:false
252 silly fetch manifest tinyglobby@^0.2.17
253 silly packumentCache full:https://registry.npmjs.org/tinyglobby cache-miss
254 http fetch GET 200 https://registry.npmjs.org/@rolldown%2fpluginutils 240ms (cache miss)
255 silly packumentCache full:https://registry.npmjs.org/@rolldown%2fpluginutils set size:undefined disposed:false
256 silly fetch manifest lightningcss@^1.33.0
257 silly packumentCache full:https://registry.npmjs.org/lightningcss cache-miss
258 http fetch GET 200 https://registry.npmjs.org/picomatch 99ms (cache miss)
259 silly packumentCache full:https://registry.npmjs.org/picomatch set size:undefined disposed:false
260 silly fetch manifest fsevents@~2.3.3
261 silly packumentCache full:https://registry.npmjs.org/fsevents cache-miss
262 http fetch GET 200 https://registry.npmjs.org/tinyglobby 74ms (cache miss)
263 silly packumentCache full:https://registry.npmjs.org/tinyglobby set size:undefined disposed:false
264 silly fetch manifest picocolors@^1.1.1
265 silly packumentCache full:https://registry.npmjs.org/picocolors cache-miss
266 http fetch GET 200 https://registry.npmjs.org/fsevents 83ms (cache miss)
267 silly packumentCache full:https://registry.npmjs.org/fsevents set size:undefined disposed:false
268 silly fetch manifest fraction.js@^5.3.4
269 silly packumentCache full:https://registry.npmjs.org/fraction.js cache-miss
270 http fetch GET 200 https://registry.npmjs.org/picocolors 76ms (cache miss)
271 silly packumentCache full:https://registry.npmjs.org/picocolors set size:undefined disposed:false
272 silly fetch manifest browserslist@^4.28.6
273 silly packumentCache full:https://registry.npmjs.org/browserslist cache-miss
274 http fetch GET 200 https://registry.npmjs.org/fraction.js 83ms (cache miss)
275 silly packumentCache full:https://registry.npmjs.org/fraction.js set size:undefined disposed:false
276 silly fetch manifest caniuse-lite@^1.0.30001806
277 silly packumentCache full:https://registry.npmjs.org/caniuse-lite cache-miss
278 http fetch GET 200 https://registry.npmjs.org/browserslist 97ms (cache miss)
279 silly packumentCache full:https://registry.npmjs.org/browserslist set size:undefined disposed:false
280 silly fetch manifest postcss-value-parser@^4.2.0
281 silly packumentCache full:https://registry.npmjs.org/postcss-value-parser cache-miss
282 http fetch GET 200 https://registry.npmjs.org/lightningcss 283ms (cache miss)
283 silly packumentCache full:https://registry.npmjs.org/lightningcss set size:undefined disposed:false
284 silly fetch manifest nanoid@^3.3.17
285 silly packumentCache full:https://registry.npmjs.org/nanoid cache-miss
286 http fetch GET 200 https://registry.npmjs.org/postcss-value-parser 86ms (cache miss)
287 silly packumentCache full:https://registry.npmjs.org/postcss-value-parser set size:undefined disposed:false
288 silly fetch manifest source-map-js@^1.2.1
289 silly packumentCache full:https://registry.npmjs.org/source-map-js cache-miss
290 http fetch GET 200 https://registry.npmjs.org/caniuse-lite 208ms (cache miss)
291 silly packumentCache full:https://registry.npmjs.org/caniuse-lite set size:undefined disposed:false
292 silly fetch manifest scheduler@^0.27.0
293 silly packumentCache full:https://registry.npmjs.org/scheduler cache-miss
294 http fetch GET 200 https://registry.npmjs.org/nanoid 159ms (cache miss)
295 silly packumentCache full:https://registry.npmjs.org/nanoid set size:undefined disposed:false
296 silly fetch manifest clsx@^2.1.1
297 silly packumentCache full:https://registry.npmjs.org/clsx cache-miss
298 http fetch GET 200 https://registry.npmjs.org/source-map-js 114ms (cache miss)
299 silly packumentCache full:https://registry.npmjs.org/source-map-js set size:undefined disposed:false
300 silly fetch manifest immer@^11.1.8
301 silly packumentCache full:https://registry.npmjs.org/immer cache-miss
302 http fetch GET 200 https://registry.npmjs.org/clsx 79ms (cache miss)
303 silly packumentCache full:https://registry.npmjs.org/clsx set size:undefined disposed:false
304 silly fetch manifest reselect@5.2.0
305 silly packumentCache full:https://registry.npmjs.org/reselect cache-miss
306 http fetch GET 200 https://registry.npmjs.org/immer 139ms (cache miss)
307 silly packumentCache full:https://registry.npmjs.org/immer set size:undefined disposed:false
308 silly fetch manifest es-toolkit@^1.39.3
309 silly packumentCache full:https://registry.npmjs.org/es-toolkit cache-miss
310 http fetch GET 200 https://registry.npmjs.org/reselect 114ms (cache miss)
311 silly packumentCache full:https://registry.npmjs.org/reselect set size:undefined disposed:false
312 silly fetch manifest react-redux@8.x.x || 9.x.x
313 silly packumentCache full:https://registry.npmjs.org/react-redux cache-miss
314 http fetch GET 200 https://registry.npmjs.org/scheduler 286ms (cache miss)
315 silly packumentCache full:https://registry.npmjs.org/scheduler set size:undefined disposed:false
316 silly fetch manifest eventemitter3@^5.0.1
317 silly packumentCache full:https://registry.npmjs.org/eventemitter3 cache-miss
318 http fetch GET 200 https://registry.npmjs.org/react-redux 176ms (cache miss)
319 silly packumentCache full:https://registry.npmjs.org/react-redux set size:undefined disposed:false
320 silly fetch manifest tiny-invariant@^1.3.3
321 silly packumentCache full:https://registry.npmjs.org/tiny-invariant cache-miss
322 http fetch GET 200 https://registry.npmjs.org/eventemitter3 106ms (cache miss)
323 silly packumentCache full:https://registry.npmjs.org/eventemitter3 set size:undefined disposed:false
324 silly fetch manifest victory-vendor@^37.0.2
325 silly packumentCache full:https://registry.npmjs.org/victory-vendor cache-miss
326 http fetch GET 200 https://registry.npmjs.org/tiny-invariant 82ms (cache miss)
327 silly packumentCache full:https://registry.npmjs.org/tiny-invariant set size:undefined disposed:false
328 silly fetch manifest @reduxjs/toolkit@^1.9.0 || 2.x.x
329 silly packumentCache full:https://registry.npmjs.org/@reduxjs%2ftoolkit cache-miss
330 http fetch GET 200 https://registry.npmjs.org/victory-vendor 90ms (cache miss)
331 silly packumentCache full:https://registry.npmjs.org/victory-vendor set size:undefined disposed:false
332 silly fetch manifest decimal.js-light@^2.5.1
333 silly packumentCache full:https://registry.npmjs.org/decimal.js-light cache-miss
334 http fetch GET 200 https://registry.npmjs.org/@reduxjs%2ftoolkit 116ms (cache miss)
335 silly packumentCache full:https://registry.npmjs.org/@reduxjs%2ftoolkit set size:undefined disposed:false
336 silly fetch manifest use-sync-external-store@^1.2.2
337 silly packumentCache full:https://registry.npmjs.org/use-sync-external-store cache-miss
338 http fetch GET 200 https://registry.npmjs.org/decimal.js-light 98ms (cache miss)
339 silly packumentCache full:https://registry.npmjs.org/decimal.js-light set size:undefined disposed:false
340 silly fetch manifest @typescript/typescript-aix-ppc64@7.0.2
341 silly packumentCache full:https://registry.npmjs.org/@typescript%2ftypescript-aix-ppc64 cache-miss
342 http fetch GET 200 https://registry.npmjs.org/es-toolkit 525ms (cache miss)
343 silly packumentCache full:https://registry.npmjs.org/es-toolkit set size:undefined disposed:false
344 silly fetch manifest @typescript/typescript-linux-arm@7.0.2
345 silly packumentCache full:https://registry.npmjs.org/@typescript%2ftypescript-linux-arm cache-miss
346 http fetch GET 200 https://registry.npmjs.org/@typescript%2ftypescript-linux-arm 96ms (cache miss)
347 silly packumentCache full:https://registry.npmjs.org/@typescript%2ftypescript-linux-arm set size:undefined disposed:false
348 silly fetch manifest @typescript/typescript-linux-x64@7.0.2
349 silly packumentCache full:https://registry.npmjs.org/@typescript%2ftypescript-linux-x64 cache-miss
350 http fetch GET 200 https://registry.npmjs.org/@typescript%2ftypescript-aix-ppc64 337ms (cache miss)
351 silly packumentCache full:https://registry.npmjs.org/@typescript%2ftypescript-aix-ppc64 set size:undefined disposed:false
352 silly fetch manifest @typescript/typescript-sunos-x64@7.0.2
353 silly packumentCache full:https://registry.npmjs.org/@typescript%2ftypescript-sunos-x64 cache-miss
354 http fetch GET 200 https://registry.npmjs.org/use-sync-external-store 389ms (cache miss)
355 silly packumentCache full:https://registry.npmjs.org/use-sync-external-store set size:undefined disposed:false
356 silly fetch manifest @typescript/typescript-win32-x64@7.0.2
357 silly packumentCache full:https://registry.npmjs.org/@typescript%2ftypescript-win32-x64 cache-miss
358 http fetch GET 200 https://registry.npmjs.org/@typescript%2ftypescript-linux-x64 165ms (cache miss)
359 silly packumentCache full:https://registry.npmjs.org/@typescript%2ftypescript-linux-x64 set size:undefined disposed:false
360 silly fetch manifest @typescript/typescript-darwin-x64@7.0.2
361 silly packumentCache full:https://registry.npmjs.org/@typescript%2ftypescript-darwin-x64 cache-miss
362 http fetch GET 200 https://registry.npmjs.org/@typescript%2ftypescript-win32-x64 127ms (cache miss)
363 silly packumentCache full:https://registry.npmjs.org/@typescript%2ftypescript-win32-x64 set size:undefined disposed:false
364 silly fetch manifest @typescript/typescript-netbsd-x64@7.0.2
365 silly packumentCache full:https://registry.npmjs.org/@typescript%2ftypescript-netbsd-x64 cache-miss
366 http fetch GET 200 https://registry.npmjs.org/@typescript%2ftypescript-darwin-x64 85ms (cache miss)
367 silly packumentCache full:https://registry.npmjs.org/@typescript%2ftypescript-darwin-x64 set size:undefined disposed:false
368 silly fetch manifest @typescript/typescript-freebsd-x64@7.0.2
369 silly packumentCache full:https://registry.npmjs.org/@typescript%2ftypescript-freebsd-x64 cache-miss
370 http fetch GET 200 https://registry.npmjs.org/@typescript%2ftypescript-netbsd-x64 86ms (cache miss)
371 silly packumentCache full:https://registry.npmjs.org/@typescript%2ftypescript-netbsd-x64 set size:undefined disposed:false
372 silly fetch manifest @typescript/typescript-linux-arm64@7.0.2
373 silly packumentCache full:https://registry.npmjs.org/@typescript%2ftypescript-linux-arm64 cache-miss
374 http fetch GET 200 https://registry.npmjs.org/@typescript%2ftypescript-freebsd-x64 83ms (cache miss)
375 silly packumentCache full:https://registry.npmjs.org/@typescript%2ftypescript-freebsd-x64 set size:undefined disposed:false
376 silly fetch manifest @typescript/typescript-linux-ppc64@7.0.2
377 silly packumentCache full:https://registry.npmjs.org/@typescript%2ftypescript-linux-ppc64 cache-miss
378 http fetch GET 200 https://registry.npmjs.org/@typescript%2ftypescript-sunos-x64 331ms (cache miss)
379 silly packumentCache full:https://registry.npmjs.org/@typescript%2ftypescript-sunos-x64 set size:undefined disposed:false
380 silly fetch manifest @typescript/typescript-linux-s390x@7.0.2
381 silly packumentCache full:https://registry.npmjs.org/@typescript%2ftypescript-linux-s390x cache-miss
382 http fetch GET 200 https://registry.npmjs.org/@typescript%2ftypescript-linux-arm64 87ms (cache miss)
383 silly packumentCache full:https://registry.npmjs.org/@typescript%2ftypescript-linux-arm64 set size:undefined disposed:false
384 silly fetch manifest @typescript/typescript-openbsd-x64@7.0.2
385 silly packumentCache full:https://registry.npmjs.org/@typescript%2ftypescript-openbsd-x64 cache-miss
386 http fetch GET 200 https://registry.npmjs.org/@typescript%2ftypescript-openbsd-x64 82ms (cache miss)
387 silly packumentCache full:https://registry.npmjs.org/@typescript%2ftypescript-openbsd-x64 set size:undefined disposed:false
388 silly fetch manifest @typescript/typescript-win32-arm64@7.0.2
389 silly packumentCache full:https://registry.npmjs.org/@typescript%2ftypescript-win32-arm64 cache-miss
390 http fetch GET 200 https://registry.npmjs.org/@typescript%2ftypescript-win32-arm64 88ms (cache miss)
391 silly packumentCache full:https://registry.npmjs.org/@typescript%2ftypescript-win32-arm64 set size:undefined disposed:false
392 silly fetch manifest @typescript/typescript-darwin-arm64@7.0.2
393 silly packumentCache full:https://registry.npmjs.org/@typescript%2ftypescript-darwin-arm64 cache-miss
394 http fetch GET 200 https://registry.npmjs.org/@typescript%2ftypescript-darwin-arm64 92ms (cache miss)
395 silly packumentCache full:https://registry.npmjs.org/@typescript%2ftypescript-darwin-arm64 set size:undefined disposed:false
396 silly fetch manifest @typescript/typescript-netbsd-arm64@7.0.2
397 silly packumentCache full:https://registry.npmjs.org/@typescript%2ftypescript-netbsd-arm64 cache-miss
398 http fetch GET 200 https://registry.npmjs.org/@typescript%2ftypescript-linux-ppc64 353ms (cache miss)
399 silly packumentCache full:https://registry.npmjs.org/@typescript%2ftypescript-linux-ppc64 set size:undefined disposed:false
400 silly fetch manifest @typescript/typescript-freebsd-arm64@7.0.2
401 silly packumentCache full:https://registry.npmjs.org/@typescript%2ftypescript-freebsd-arm64 cache-miss
402 http fetch GET 200 https://registry.npmjs.org/@typescript%2ftypescript-linux-s390x 328ms (cache miss)
403 silly packumentCache full:https://registry.npmjs.org/@typescript%2ftypescript-linux-s390x set size:undefined disposed:false
404 silly fetch manifest @typescript/typescript-linux-loong64@7.0.2
405 silly packumentCache full:https://registry.npmjs.org/@typescript%2ftypescript-linux-loong64 cache-miss
406 http fetch GET 200 https://registry.npmjs.org/@typescript%2ftypescript-netbsd-arm64 84ms (cache miss)
407 silly packumentCache full:https://registry.npmjs.org/@typescript%2ftypescript-netbsd-arm64 set size:undefined disposed:false
408 silly fetch manifest @typescript/typescript-linux-riscv64@7.0.2
409 silly packumentCache full:https://registry.npmjs.org/@typescript%2ftypescript-linux-riscv64 cache-miss
410 http fetch GET 200 https://registry.npmjs.org/@typescript%2ftypescript-freebsd-arm64 86ms (cache miss)
411 silly packumentCache full:https://registry.npmjs.org/@typescript%2ftypescript-freebsd-arm64 set size:undefined disposed:false
412 silly fetch manifest @typescript/typescript-openbsd-arm64@7.0.2
413 silly packumentCache full:https://registry.npmjs.org/@typescript%2ftypescript-openbsd-arm64 cache-miss
414 http fetch GET 200 https://registry.npmjs.org/@typescript%2ftypescript-openbsd-arm64 97ms (cache miss)
415 silly packumentCache full:https://registry.npmjs.org/@typescript%2ftypescript-openbsd-arm64 set size:undefined disposed:false
416 silly fetch manifest @typescript/typescript-linux-mips64el@7.0.2
417 silly packumentCache full:https://registry.npmjs.org/@typescript%2ftypescript-linux-mips64el cache-miss
418 http fetch GET 200 https://registry.npmjs.org/@typescript%2ftypescript-linux-loong64 342ms (cache miss)
419 silly packumentCache full:https://registry.npmjs.org/@typescript%2ftypescript-linux-loong64 set size:undefined disposed:false
420 http fetch GET 200 https://registry.npmjs.org/@typescript%2ftypescript-linux-mips64el 339ms (cache miss)
421 silly packumentCache full:https://registry.npmjs.org/@typescript%2ftypescript-linux-mips64el set size:undefined disposed:false
422 http fetch GET 200 https://registry.npmjs.org/@typescript%2ftypescript-linux-riscv64 563ms (cache miss)
423 silly packumentCache full:https://registry.npmjs.org/@typescript%2ftypescript-linux-riscv64 set size:undefined disposed:false
424 silly placeDep ROOT csstype@3.2.3 OK for: @types/react@19.2.18 want: ^3.2.2
425 silly placeDep ROOT @rolldown/pluginutils@1.0.1 OK for: @vitejs/plugin-react@6.1.0 want: ^1.0.1
426 silly placeDep ROOT browserslist@4.28.8 OK for: autoprefixer@10.5.4 want: ^4.28.6
427 silly placeDep ROOT caniuse-lite@1.0.30001810 OK for: autoprefixer@10.5.4 want: ^1.0.30001806
428 silly placeDep ROOT fraction.js@5.3.4 OK for: autoprefixer@10.5.4 want: ^5.3.4
429 silly placeDep ROOT picocolors@1.1.1 OK for: autoprefixer@10.5.4 want: ^1.1.1
430 silly placeDep ROOT postcss-value-parser@4.2.0 OK for: autoprefixer@10.5.4 want: ^4.2.0
431 silly fetch manifest caniuse-lite@^1.0.30001809
432 silly packumentCache full:https://registry.npmjs.org/caniuse-lite cache-miss
433 silly fetch manifest node-releases@^2.0.53
434 silly packumentCache full:https://registry.npmjs.org/node-releases cache-miss
435 silly fetch manifest electron-to-chromium@^1.5.402
436 silly packumentCache full:https://registry.npmjs.org/electron-to-chromium cache-miss
437 http cache https://registry.npmjs.org/caniuse-lite 31ms (cache hit)
438 silly packumentCache full:https://registry.npmjs.org/caniuse-lite set size:2313344 disposed:false
439 silly fetch manifest update-browserslist-db@^1.3.0
440 silly packumentCache full:https://registry.npmjs.org/update-browserslist-db cache-miss
441 http fetch GET 200 https://registry.npmjs.org/node-releases 88ms (cache miss)
442 silly packumentCache full:https://registry.npmjs.org/node-releases set size:undefined disposed:false
443 silly fetch manifest baseline-browser-mapping@^2.11.12
444 silly packumentCache full:https://registry.npmjs.org/baseline-browser-mapping cache-miss
445 http fetch GET 200 https://registry.npmjs.org/update-browserslist-db 87ms (cache miss)
446 silly packumentCache full:https://registry.npmjs.org/update-browserslist-db set size:undefined disposed:false
447 http fetch GET 200 https://registry.npmjs.org/baseline-browser-mapping 101ms (cache miss)
448 silly packumentCache full:https://registry.npmjs.org/baseline-browser-mapping set size:undefined disposed:false
449 http fetch GET 200 https://registry.npmjs.org/electron-to-chromium 230ms (cache miss)
450 silly packumentCache full:https://registry.npmjs.org/electron-to-chromium set size:undefined disposed:false
451 silly fetch manifest browserslist@>= 4.21.0
452 silly packumentCache full:https://registry.npmjs.org/browserslist cache-miss
453 http cache https://registry.npmjs.org/browserslist 14ms (cache hit)
454 silly packumentCache full:https://registry.npmjs.org/browserslist set size:518659 disposed:false
455 silly placeDep ROOT baseline-browser-mapping@2.11.19 OK for: browserslist@4.28.8 want: ^2.11.12
456 silly placeDep ROOT electron-to-chromium@1.5.415 OK for: browserslist@4.28.8 want: ^1.5.402
457 silly placeDep ROOT node-releases@2.0.53 OK for: browserslist@4.28.8 want: ^2.0.53
458 silly placeDep ROOT update-browserslist-db@1.3.1 OK for: browserslist@4.28.8 want: ^1.3.0
459 silly fetch manifest escalade@^3.2.0
460 silly packumentCache full:https://registry.npmjs.org/escalade cache-miss
461 http fetch GET 200 https://registry.npmjs.org/escalade 100ms (cache miss)
462 silly packumentCache full:https://registry.npmjs.org/escalade set size:undefined disposed:false
463 silly placeDep ROOT nanoid@3.3.18 OK for: postcss@8.5.26 want: ^3.3.17
464 silly placeDep ROOT source-map-js@1.2.1 OK for: postcss@8.5.26 want: ^1.2.1
465 silly placeDep ROOT scheduler@0.27.0 OK for: react-dom@19.2.8 want: ^0.27.0
466 silly fetch manifest @types/react@^18.2.25 || ^19
467 silly packumentCache full:https://registry.npmjs.org/@types%2freact cache-miss
468 http cache https://registry.npmjs.org/@types%2freact 40ms (cache hit)
469 silly packumentCache full:https://registry.npmjs.org/@types%2freact set size:2637439 disposed:false
470 silly fetch manifest react@^16.8.0 || ^17.0.0 || ^18.0.0 || ^19.0.0
471 silly packumentCache full:https://registry.npmjs.org/react cache-miss
472 http cache https://registry.npmjs.org/react 40ms (cache hit)
473 silly packumentCache full:https://registry.npmjs.org/react set size:6917274 disposed:false
474 silly fetch manifest redux@^5.0.0
475 silly packumentCache full:https://registry.npmjs.org/redux cache-miss
476 http fetch GET 200 https://registry.npmjs.org/redux 110ms (cache miss)
477 silly packumentCache full:https://registry.npmjs.org/redux set size:undefined disposed:false
478 silly placeDep ROOT @reduxjs/toolkit@2.12.0 OK for: recharts@3.10.1 want: ^1.9.0 || 2.x.x
479 silly placeDep ROOT clsx@2.1.1 OK for: recharts@3.10.1 want: ^2.1.1
480 silly placeDep ROOT decimal.js-light@2.5.1 OK for: recharts@3.10.1 want: ^2.5.1
481 silly placeDep ROOT es-toolkit@1.51.0 OK for: recharts@3.10.1 want: ^1.39.3
482 silly placeDep ROOT eventemitter3@5.0.4 OK for: recharts@3.10.1 want: ^5.0.1
483 silly placeDep ROOT immer@11.1.18 OK for: recharts@3.10.1 want: ^11.1.8
484 silly placeDep ROOT react-redux@9.3.0 OK for: recharts@3.10.1 want: 8.x.x || 9.x.x
485 silly placeDep ROOT reselect@5.2.0 OK for: recharts@3.10.1 want: 5.2.0
486 silly placeDep ROOT tiny-invariant@1.3.3 OK for: recharts@3.10.1 want: ^1.3.3
487 silly placeDep ROOT use-sync-external-store@1.6.0 OK for: recharts@3.10.1 want: ^1.2.2
488 silly placeDep ROOT victory-vendor@37.3.6 OK for: recharts@3.10.1 want: ^37.0.2
489 silly fetch manifest @standard-schema/spec@^1.0.0
490 silly packumentCache full:https://registry.npmjs.org/@standard-schema%2fspec cache-miss
491 silly fetch manifest @standard-schema/utils@^0.3.0
492 silly packumentCache full:https://registry.npmjs.org/@standard-schema%2futils cache-miss
493 silly fetch manifest immer@^11.0.0
494 silly packumentCache full:https://registry.npmjs.org/immer cache-miss
495 http cache https://registry.npmjs.org/immer 19ms (cache hit)
496 silly packumentCache full:https://registry.npmjs.org/immer set size:798677 disposed:false
497 silly fetch manifest redux@^5.0.1
498 silly packumentCache full:https://registry.npmjs.org/redux cache-miss
499 http cache https://registry.npmjs.org/redux 20ms (cache hit)
500 silly packumentCache full:https://registry.npmjs.org/redux set size:553833 disposed:false
501 silly fetch manifest redux-thunk@^3.1.0
502 silly packumentCache full:https://registry.npmjs.org/redux-thunk cache-miss
503 http fetch GET 200 https://registry.npmjs.org/@standard-schema%2futils 83ms (cache miss)
504 silly packumentCache full:https://registry.npmjs.org/@standard-schema%2futils set size:undefined disposed:false
505 silly fetch manifest reselect@^5.1.0
506 silly packumentCache full:https://registry.npmjs.org/reselect cache-miss
507 http fetch GET 200 https://registry.npmjs.org/@standard-schema%2fspec 88ms (cache miss)
508 silly packumentCache full:https://registry.npmjs.org/@standard-schema%2fspec set size:undefined disposed:false
509 silly fetch manifest @types/use-sync-external-store@^0.0.6
510 silly packumentCache full:https://registry.npmjs.org/@types%2fuse-sync-external-store cache-miss
511 http cache https://registry.npmjs.org/reselect 18ms (cache hit)
512 silly packumentCache full:https://registry.npmjs.org/reselect set size:361939 disposed:false
513 silly fetch manifest use-sync-external-store@^1.4.0
514 silly packumentCache full:https://registry.npmjs.org/use-sync-external-store cache-miss
515 http cache https://registry.npmjs.org/use-sync-external-store 31ms (cache hit)
516 silly packumentCache full:https://registry.npmjs.org/use-sync-external-store set size:4958192 disposed:false
517 silly fetch manifest d3-ease@^3.0.1
518 silly packumentCache full:https://registry.npmjs.org/d3-ease cache-miss
519 http fetch GET 200 https://registry.npmjs.org/redux-thunk 167ms (cache miss)
520 silly packumentCache full:https://registry.npmjs.org/redux-thunk set size:undefined disposed:false
521 silly fetch manifest d3-time@^3.0.0
522 silly packumentCache full:https://registry.npmjs.org/d3-time cache-miss
523 http fetch GET 200 https://registry.npmjs.org/@types%2fuse-sync-external-store 141ms (cache miss)
524 silly packumentCache full:https://registry.npmjs.org/@types%2fuse-sync-external-store set size:undefined disposed:false
525 silly fetch manifest d3-array@^3.1.6
526 silly packumentCache full:https://registry.npmjs.org/d3-array cache-miss
527 http fetch GET 200 https://registry.npmjs.org/d3-ease 110ms (cache miss)
528 silly packumentCache full:https://registry.npmjs.org/d3-ease set size:undefined disposed:false
529 silly fetch manifest d3-scale@^4.0.2
530 silly packumentCache full:https://registry.npmjs.org/d3-scale cache-miss
531 http fetch GET 200 https://registry.npmjs.org/d3-time 90ms (cache miss)
532 silly packumentCache full:https://registry.npmjs.org/d3-time set size:undefined disposed:false
533 silly fetch manifest d3-shape@^3.1.0
534 silly packumentCache full:https://registry.npmjs.org/d3-shape cache-miss
535 http fetch GET 200 https://registry.npmjs.org/d3-array 93ms (cache miss)
536 silly packumentCache full:https://registry.npmjs.org/d3-array set size:undefined disposed:false
537 silly fetch manifest d3-timer@^3.0.1
538 silly packumentCache full:https://registry.npmjs.org/d3-timer cache-miss
539 http fetch GET 200 https://registry.npmjs.org/d3-scale 109ms (cache miss)
540 silly packumentCache full:https://registry.npmjs.org/d3-scale set size:undefined disposed:false
541 silly fetch manifest @types/d3-ease@^3.0.0
542 silly packumentCache full:https://registry.npmjs.org/@types%2fd3-ease cache-miss
543 http fetch GET 200 https://registry.npmjs.org/d3-timer 101ms (cache miss)
544 silly packumentCache full:https://registry.npmjs.org/d3-timer set size:undefined disposed:false
545 silly fetch manifest @types/d3-time@^3.0.0
546 silly packumentCache full:https://registry.npmjs.org/@types%2fd3-time cache-miss
547 http fetch GET 200 https://registry.npmjs.org/d3-shape 123ms (cache miss)
548 silly packumentCache full:https://registry.npmjs.org/d3-shape set size:undefined disposed:false
549 silly fetch manifest d3-interpolate@^3.0.1
550 silly packumentCache full:https://registry.npmjs.org/d3-interpolate cache-miss
551 http fetch GET 200 https://registry.npmjs.org/@types%2fd3-ease 79ms (cache miss)
552 silly packumentCache full:https://registry.npmjs.org/@types%2fd3-ease set size:undefined disposed:false
553 silly fetch manifest @types/d3-array@^3.0.3
554 silly packumentCache full:https://registry.npmjs.org/@types%2fd3-array cache-miss
555 http fetch GET 200 https://registry.npmjs.org/@types%2fd3-time 84ms (cache miss)
556 silly packumentCache full:https://registry.npmjs.org/@types%2fd3-time set size:undefined disposed:false
557 silly fetch manifest @types/d3-scale@^4.0.2
558 silly packumentCache full:https://registry.npmjs.org/@types%2fd3-scale cache-miss
559 http fetch GET 200 https://registry.npmjs.org/d3-interpolate 87ms (cache miss)
560 silly packumentCache full:https://registry.npmjs.org/d3-interpolate set size:undefined disposed:false
561 silly fetch manifest @types/d3-shape@^3.1.0
562 silly packumentCache full:https://registry.npmjs.org/@types%2fd3-shape cache-miss
563 http fetch GET 200 https://registry.npmjs.org/@types%2fd3-scale 100ms (cache miss)
564 silly packumentCache full:https://registry.npmjs.org/@types%2fd3-scale set size:undefined disposed:false
565 silly fetch manifest @types/d3-timer@^3.0.0
566 silly packumentCache full:https://registry.npmjs.org/@types%2fd3-timer cache-miss
567 http fetch GET 200 https://registry.npmjs.org/@types%2fd3-shape 98ms (cache miss)
568 silly packumentCache full:https://registry.npmjs.org/@types%2fd3-shape set size:undefined disposed:false
569 silly fetch manifest @types/d3-interpolate@^3.0.1
570 silly packumentCache full:https://registry.npmjs.org/@types%2fd3-interpolate cache-miss
571 http fetch GET 200 https://registry.npmjs.org/@types%2fd3-timer 116ms (cache miss)
572 silly packumentCache full:https://registry.npmjs.org/@types%2fd3-timer set size:undefined disposed:false
573 http fetch GET 200 https://registry.npmjs.org/@types%2fd3-interpolate 112ms (cache miss)
574 silly packumentCache full:https://registry.npmjs.org/@types%2fd3-interpolate set size:undefined disposed:false
575 http fetch GET 200 https://registry.npmjs.org/@types%2fd3-array 350ms (cache miss)
576 silly packumentCache full:https://registry.npmjs.org/@types%2fd3-array set size:undefined disposed:false
577 silly placeDep ROOT @standard-schema/spec@1.1.0 OK for: @reduxjs/toolkit@2.12.0 want: ^1.0.0
578 silly placeDep ROOT @standard-schema/utils@0.3.0 OK for: @reduxjs/toolkit@2.12.0 want: ^0.3.0
579 silly placeDep ROOT redux@5.0.1 OK for: @reduxjs/toolkit@2.12.0 want: ^5.0.1
580 silly placeDep ROOT redux-thunk@3.1.0 OK for: @reduxjs/toolkit@2.12.0 want: ^3.1.0
581 silly placeDep ROOT @types/use-sync-external-store@0.0.6 OK for: react-redux@9.3.0 want: ^0.0.6
582 silly placeDep ROOT @typescript/typescript-aix-ppc64@7.0.2 OK for: typescript@7.0.2 want: 7.0.2
583 silly placeDep ROOT @typescript/typescript-darwin-arm64@7.0.2 OK for: typescript@7.0.2 want: 7.0.2
584 silly placeDep ROOT @typescript/typescript-darwin-x64@7.0.2 OK for: typescript@7.0.2 want: 7.0.2
585 silly placeDep ROOT @typescript/typescript-freebsd-arm64@7.0.2 OK for: typescript@7.0.2 want: 7.0.2
586 silly placeDep ROOT @typescript/typescript-freebsd-x64@7.0.2 OK for: typescript@7.0.2 want: 7.0.2
587 silly placeDep ROOT @typescript/typescript-linux-arm@7.0.2 OK for: typescript@7.0.2 want: 7.0.2
588 silly placeDep ROOT @typescript/typescript-linux-arm64@7.0.2 OK for: typescript@7.0.2 want: 7.0.2
589 silly placeDep ROOT @typescript/typescript-linux-loong64@7.0.2 OK for: typescript@7.0.2 want: 7.0.2
590 silly placeDep ROOT @typescript/typescript-linux-mips64el@7.0.2 OK for: typescript@7.0.2 want: 7.0.2
591 silly placeDep ROOT @typescript/typescript-linux-ppc64@7.0.2 OK for: typescript@7.0.2 want: 7.0.2
592 silly placeDep ROOT @typescript/typescript-linux-riscv64@7.0.2 OK for: typescript@7.0.2 want: 7.0.2
593 silly placeDep ROOT @typescript/typescript-linux-s390x@7.0.2 OK for: typescript@7.0.2 want: 7.0.2
594 silly placeDep ROOT @typescript/typescript-linux-x64@7.0.2 OK for: typescript@7.0.2 want: 7.0.2
595 silly placeDep ROOT @typescript/typescript-netbsd-arm64@7.0.2 OK for: typescript@7.0.2 want: 7.0.2
596 silly placeDep ROOT @typescript/typescript-netbsd-x64@7.0.2 OK for: typescript@7.0.2 want: 7.0.2
597 silly placeDep ROOT @typescript/typescript-openbsd-arm64@7.0.2 OK for: typescript@7.0.2 want: 7.0.2
598 silly placeDep ROOT @typescript/typescript-openbsd-x64@7.0.2 OK for: typescript@7.0.2 want: 7.0.2
599 silly placeDep ROOT @typescript/typescript-sunos-x64@7.0.2 OK for: typescript@7.0.2 want: 7.0.2
600 silly placeDep ROOT @typescript/typescript-win32-arm64@7.0.2 OK for: typescript@7.0.2 want: 7.0.2
601 silly placeDep ROOT @typescript/typescript-win32-x64@7.0.2 OK for: typescript@7.0.2 want: 7.0.2
602 silly placeDep ROOT escalade@3.2.0 OK for: update-browserslist-db@1.3.1 want: ^3.2.0
603 silly placeDep ROOT @types/d3-array@3.2.2 OK for: victory-vendor@37.3.6 want: ^3.0.3
604 silly placeDep ROOT @types/d3-ease@3.0.2 OK for: victory-vendor@37.3.6 want: ^3.0.0
605 silly placeDep ROOT @types/d3-interpolate@3.0.4 OK for: victory-vendor@37.3.6 want: ^3.0.1
606 silly placeDep ROOT @types/d3-scale@4.0.9 OK for: victory-vendor@37.3.6 want: ^4.0.2
607 silly placeDep ROOT @types/d3-shape@3.2.0 OK for: victory-vendor@37.3.6 want: ^3.1.0
608 silly placeDep ROOT @types/d3-time@3.0.4 OK for: victory-vendor@37.3.6 want: ^3.0.0
609 silly placeDep ROOT @types/d3-timer@3.0.2 OK for: victory-vendor@37.3.6 want: ^3.0.0
610 silly placeDep ROOT d3-array@3.2.4 OK for: victory-vendor@37.3.6 want: ^3.1.6
611 silly placeDep ROOT d3-ease@3.0.1 OK for: victory-vendor@37.3.6 want: ^3.0.1
612 silly placeDep ROOT d3-interpolate@3.0.1 OK for: victory-vendor@37.3.6 want: ^3.0.1
613 silly placeDep ROOT d3-scale@4.0.2 OK for: victory-vendor@37.3.6 want: ^4.0.2
614 silly placeDep ROOT d3-shape@3.2.0 OK for: victory-vendor@37.3.6 want: ^3.1.0
615 silly placeDep ROOT d3-time@3.1.0 OK for: victory-vendor@37.3.6 want: ^3.0.0
616 silly placeDep ROOT d3-timer@3.0.1 OK for: victory-vendor@37.3.6 want: ^3.0.1
617 silly fetch manifest @types/d3-color@*
618 silly packumentCache full:https://registry.npmjs.org/@types%2fd3-color cache-miss
619 silly fetch manifest @types/d3-time@*
620 silly packumentCache full:https://registry.npmjs.org/@types%2fd3-time cache-miss
621 silly fetch manifest @types/d3-path@*
622 silly packumentCache full:https://registry.npmjs.org/@types%2fd3-path cache-miss
623 http cache https://registry.npmjs.org/@types%2fd3-time 17ms (cache hit)
624 silly packumentCache full:https://registry.npmjs.org/@types%2fd3-time set size:52652 disposed:false
625 silly fetch manifest internmap@1 - 2
626 silly packumentCache full:https://registry.npmjs.org/internmap cache-miss
627 http fetch GET 200 https://registry.npmjs.org/@types%2fd3-path 99ms (cache miss)
628 silly packumentCache full:https://registry.npmjs.org/@types%2fd3-path set size:undefined disposed:false
629 silly fetch manifest d3-color@1 - 3
630 silly packumentCache full:https://registry.npmjs.org/d3-color cache-miss
631 http fetch GET 200 https://registry.npmjs.org/@types%2fd3-color 110ms (cache miss)
632 silly packumentCache full:https://registry.npmjs.org/@types%2fd3-color set size:undefined disposed:false
633 silly fetch manifest d3-format@1 - 3
634 silly packumentCache full:https://registry.npmjs.org/d3-format cache-miss
635 http fetch GET 200 https://registry.npmjs.org/internmap 97ms (cache miss)
636 silly packumentCache full:https://registry.npmjs.org/internmap set size:undefined disposed:false
637 silly fetch manifest d3-time@2.1.1 - 3
638 silly packumentCache full:https://registry.npmjs.org/d3-time cache-miss
639 http cache https://registry.npmjs.org/d3-time 15ms (cache hit)
640 silly packumentCache full:https://registry.npmjs.org/d3-time set size:150406 disposed:false
641 silly fetch manifest d3-time-format@2 - 4
642 silly packumentCache full:https://registry.npmjs.org/d3-time-format cache-miss
643 http fetch GET 200 https://registry.npmjs.org/d3-color 82ms (cache miss)
644 silly packumentCache full:https://registry.npmjs.org/d3-color set size:undefined disposed:false
645 silly fetch manifest d3-path@^3.1.0
646 silly packumentCache full:https://registry.npmjs.org/d3-path cache-miss
647 http fetch GET 200 https://registry.npmjs.org/d3-format 85ms (cache miss)
648 silly packumentCache full:https://registry.npmjs.org/d3-format set size:undefined disposed:false
649 http fetch GET 200 https://registry.npmjs.org/d3-time-format 81ms (cache miss)
650 silly packumentCache full:https://registry.npmjs.org/d3-time-format set size:undefined disposed:false
651 http fetch GET 200 https://registry.npmjs.org/d3-path 79ms (cache miss)
652 silly packumentCache full:https://registry.npmjs.org/d3-path set size:undefined disposed:false
653 silly placeDep ROOT @types/d3-color@3.1.3 OK for: @types/d3-interpolate@3.0.4 want: *
654 silly placeDep ROOT @types/d3-path@3.1.1 OK for: @types/d3-shape@3.2.0 want: *
655 silly placeDep ROOT internmap@2.0.3 OK for: d3-array@3.2.4 want: 1 - 2
656 silly placeDep ROOT d3-color@3.1.0 OK for: d3-interpolate@3.0.1 want: 1 - 3
657 silly placeDep ROOT d3-format@3.1.2 OK for: d3-scale@4.0.2 want: 1 - 3
658 silly placeDep ROOT d3-time-format@4.1.0 OK for: d3-scale@4.0.2 want: 2 - 4
659 silly placeDep ROOT d3-path@3.1.0 OK for: d3-shape@3.2.0 want: ^3.1.0
660 silly placeDep ROOT fsevents@2.3.3 OK for: vite@8.2.2 want: ~2.3.3
661 silly placeDep ROOT lightningcss@1.33.0 OK for: vite@8.2.2 want: ^1.33.0
662 silly placeDep ROOT picomatch@4.0.7 OK for: vite@8.2.2 want: ^4.0.5
663 silly placeDep ROOT rolldown@1.2.6 OK for: vite@8.2.2 want: ~1.2.4
664 silly placeDep ROOT tinyglobby@0.2.17 OK for: vite@8.2.2 want: ^0.2.17
665 silly fetch manifest detect-libc@^2.0.3
666 silly packumentCache full:https://registry.npmjs.org/detect-libc cache-miss
667 silly fetch manifest lightningcss-darwin-x64@1.33.0
668 silly packumentCache full:https://registry.npmjs.org/lightningcss-darwin-x64 cache-miss
669 silly fetch manifest lightningcss-linux-x64-gnu@1.33.0
670 silly packumentCache full:https://registry.npmjs.org/lightningcss-linux-x64-gnu cache-miss
671 http fetch GET 200 https://registry.npmjs.org/lightningcss-darwin-x64 100ms (cache miss)
672 silly packumentCache full:https://registry.npmjs.org/lightningcss-darwin-x64 set size:undefined disposed:false
673 silly fetch manifest lightningcss-win32-x64-msvc@1.33.0
674 silly packumentCache full:https://registry.npmjs.org/lightningcss-win32-x64-msvc cache-miss
675 http fetch GET 200 https://registry.npmjs.org/detect-libc 108ms (cache miss)
676 silly packumentCache full:https://registry.npmjs.org/detect-libc set size:undefined disposed:false
677 silly fetch manifest lightningcss-win32-arm64-msvc@1.33.0
678 silly packumentCache full:https://registry.npmjs.org/lightningcss-win32-arm64-msvc cache-miss
679 http fetch GET 200 https://registry.npmjs.org/lightningcss-linux-x64-gnu 110ms (cache miss)
680 silly packumentCache full:https://registry.npmjs.org/lightningcss-linux-x64-gnu set size:undefined disposed:false
681 silly fetch manifest lightningcss-darwin-arm64@1.33.0
682 silly packumentCache full:https://registry.npmjs.org/lightningcss-darwin-arm64 cache-miss
683 http fetch GET 200 https://registry.npmjs.org/lightningcss-win32-x64-msvc 108ms (cache miss)
684 silly packumentCache full:https://registry.npmjs.org/lightningcss-win32-x64-msvc set size:undefined disposed:false
685 silly fetch manifest lightningcss-linux-arm64-gnu@1.33.0
686 silly packumentCache full:https://registry.npmjs.org/lightningcss-linux-arm64-gnu cache-miss
687 http fetch GET 200 https://registry.npmjs.org/lightningcss-win32-arm64-msvc 112ms (cache miss)
688 silly packumentCache full:https://registry.npmjs.org/lightningcss-win32-arm64-msvc set size:undefined disposed:false
689 silly fetch manifest lightningcss-linux-arm-gnueabihf@1.33.0
690 silly packumentCache full:https://registry.npmjs.org/lightningcss-linux-arm-gnueabihf cache-miss
691 http fetch GET 200 https://registry.npmjs.org/lightningcss-darwin-arm64 119ms (cache miss)
692 silly packumentCache full:https://registry.npmjs.org/lightningcss-darwin-arm64 set size:undefined disposed:false
693 silly fetch manifest lightningcss-linux-arm64-musl@1.33.0
694 silly packumentCache full:https://registry.npmjs.org/lightningcss-linux-arm64-musl cache-miss
695 http fetch GET 200 https://registry.npmjs.org/lightningcss-linux-arm64-gnu 93ms (cache miss)
696 silly packumentCache full:https://registry.npmjs.org/lightningcss-linux-arm64-gnu set size:undefined disposed:false
697 silly fetch manifest lightningcss-linux-x64-musl@1.33.0
698 silly packumentCache full:https://registry.npmjs.org/lightningcss-linux-x64-musl cache-miss
699 http fetch GET 200 https://registry.npmjs.org/lightningcss-linux-arm-gnueabihf 110ms (cache miss)
700 silly packumentCache full:https://registry.npmjs.org/lightningcss-linux-arm-gnueabihf set size:undefined disposed:false
701 silly fetch manifest lightningcss-freebsd-x64@1.33.0
702 silly packumentCache full:https://registry.npmjs.org/lightningcss-freebsd-x64 cache-miss
703 http fetch GET 200 https://registry.npmjs.org/lightningcss-linux-arm64-musl 125ms (cache miss)
704 silly packumentCache full:https://registry.npmjs.org/lightningcss-linux-arm64-musl set size:undefined disposed:false
705 silly fetch manifest lightningcss-android-arm64@1.33.0
706 silly packumentCache full:https://registry.npmjs.org/lightningcss-android-arm64 cache-miss
707 http fetch GET 200 https://registry.npmjs.org/lightningcss-linux-x64-musl 79ms (cache miss)
708 silly packumentCache full:https://registry.npmjs.org/lightningcss-linux-x64-musl set size:undefined disposed:false
709 silly fetch manifest @oxc-project/types@=0.147.0
710 silly packumentCache full:https://registry.npmjs.org/@oxc-project%2ftypes cache-miss
711 http fetch GET 200 https://registry.npmjs.org/lightningcss-freebsd-x64 76ms (cache miss)
712 silly packumentCache full:https://registry.npmjs.org/lightningcss-freebsd-x64 set size:undefined disposed:false
713 silly fetch manifest @rolldown/binding-darwin-x64@1.2.6
714 silly packumentCache full:https://registry.npmjs.org/@rolldown%2fbinding-darwin-x64 cache-miss
715 http fetch GET 200 https://registry.npmjs.org/lightningcss-android-arm64 80ms (cache miss)
716 silly packumentCache full:https://registry.npmjs.org/lightningcss-android-arm64 set size:undefined disposed:false
717 silly fetch manifest @rolldown/binding-freebsd-x64@1.2.6
718 silly packumentCache full:https://registry.npmjs.org/@rolldown%2fbinding-freebsd-x64 cache-miss
719 http fetch GET 200 https://registry.npmjs.org/@oxc-project%2ftypes 119ms (cache miss)
720 silly packumentCache full:https://registry.npmjs.org/@oxc-project%2ftypes set size:undefined disposed:false
721 silly fetch manifest @rolldown/binding-darwin-arm64@1.2.6
722 silly packumentCache full:https://registry.npmjs.org/@rolldown%2fbinding-darwin-arm64 cache-miss
723 http fetch GET 200 https://registry.npmjs.org/@rolldown%2fbinding-darwin-x64 277ms (cache miss)
724 silly packumentCache full:https://registry.npmjs.org/@rolldown%2fbinding-darwin-x64 set size:undefined disposed:false
725 silly fetch manifest @rolldown/binding-android-arm64@1.2.6
726 silly packumentCache full:https://registry.npmjs.org/@rolldown%2fbinding-android-arm64 cache-miss
727 http fetch GET 200 https://registry.npmjs.org/@rolldown%2fbinding-freebsd-x64 276ms (cache miss)
728 silly packumentCache full:https://registry.npmjs.org/@rolldown%2fbinding-freebsd-x64 set size:undefined disposed:false
729 silly fetch manifest @rolldown/binding-linux-x64-gnu@1.2.6
730 silly packumentCache full:https://registry.npmjs.org/@rolldown%2fbinding-linux-x64-gnu cache-miss
731 http fetch GET 200 https://registry.npmjs.org/@rolldown%2fbinding-darwin-arm64 237ms (cache miss)
732 silly packumentCache full:https://registry.npmjs.org/@rolldown%2fbinding-darwin-arm64 set size:undefined disposed:false
733 silly fetch manifest @rolldown/binding-linux-x64-musl@1.2.6
734 silly packumentCache full:https://registry.npmjs.org/@rolldown%2fbinding-linux-x64-musl cache-miss
735 http fetch GET 200 https://registry.npmjs.org/@rolldown%2fbinding-android-arm64 97ms (cache miss)
736 silly packumentCache full:https://registry.npmjs.org/@rolldown%2fbinding-android-arm64 set size:undefined disposed:false
737 silly fetch manifest @rolldown/binding-win32-x64-msvc@1.2.6
738 silly packumentCache full:https://registry.npmjs.org/@rolldown%2fbinding-win32-x64-msvc cache-miss
739 http fetch GET 200 https://registry.npmjs.org/@rolldown%2fbinding-linux-x64-musl 133ms (cache miss)
740 silly packumentCache full:https://registry.npmjs.org/@rolldown%2fbinding-linux-x64-musl set size:undefined disposed:false
741 silly fetch manifest @rolldown/binding-linux-arm64-gnu@1.2.6
742 silly packumentCache full:https://registry.npmjs.org/@rolldown%2fbinding-linux-arm64-gnu cache-miss
743 http fetch GET 200 https://registry.npmjs.org/@rolldown%2fbinding-win32-x64-msvc 167ms (cache miss)
744 silly packumentCache full:https://registry.npmjs.org/@rolldown%2fbinding-win32-x64-msvc set size:undefined disposed:false
745 silly fetch manifest @rolldown/binding-linux-ppc64-gnu@1.2.6
746 silly packumentCache full:https://registry.npmjs.org/@rolldown%2fbinding-linux-ppc64-gnu cache-miss
747 http fetch GET 200 https://registry.npmjs.org/@rolldown%2fbinding-linux-arm64-gnu 141ms (cache miss)
748 silly packumentCache full:https://registry.npmjs.org/@rolldown%2fbinding-linux-arm64-gnu set size:undefined disposed:false
749 silly fetch manifest @rolldown/binding-linux-s390x-gnu@1.2.6
750 silly packumentCache full:https://registry.npmjs.org/@rolldown%2fbinding-linux-s390x-gnu cache-miss
751 http fetch GET 200 https://registry.npmjs.org/@rolldown%2fbinding-linux-ppc64-gnu 91ms (cache miss)
752 silly packumentCache full:https://registry.npmjs.org/@rolldown%2fbinding-linux-ppc64-gnu set size:undefined disposed:false
753 silly fetch manifest @rolldown/binding-android-arm-eabi@1.2.6
754 silly packumentCache full:https://registry.npmjs.org/@rolldown%2fbinding-android-arm-eabi cache-miss
755 http fetch GET 200 https://registry.npmjs.org/@rolldown%2fbinding-linux-x64-gnu 389ms (cache miss)
756 silly packumentCache full:https://registry.npmjs.org/@rolldown%2fbinding-linux-x64-gnu set size:undefined disposed:false
757 silly fetch manifest @rolldown/binding-linux-arm64-musl@1.2.6
758 silly packumentCache full:https://registry.npmjs.org/@rolldown%2fbinding-linux-arm64-musl cache-miss
759 http fetch GET 200 https://registry.npmjs.org/@rolldown%2fbinding-linux-s390x-gnu 93ms (cache miss)
760 silly packumentCache full:https://registry.npmjs.org/@rolldown%2fbinding-linux-s390x-gnu set size:undefined disposed:false
761 silly fetch manifest @rolldown/binding-win32-arm64-msvc@1.2.6
762 silly packumentCache full:https://registry.npmjs.org/@rolldown%2fbinding-win32-arm64-msvc cache-miss
763 http fetch GET 200 https://registry.npmjs.org/@rolldown%2fbinding-android-arm-eabi 91ms (cache miss)
764 silly packumentCache full:https://registry.npmjs.org/@rolldown%2fbinding-android-arm-eabi set size:undefined disposed:false
765 silly fetch manifest @rolldown/binding-openharmony-arm64@1.2.6
766 silly packumentCache full:https://registry.npmjs.org/@rolldown%2fbinding-openharmony-arm64 cache-miss
767 http fetch GET 200 https://registry.npmjs.org/@rolldown%2fbinding-openharmony-arm64 129ms (cache miss)
768 silly packumentCache full:https://registry.npmjs.org/@rolldown%2fbinding-openharmony-arm64 set size:undefined disposed:false
769 silly fetch manifest @rolldown/binding-linux-arm-gnueabihf@1.2.6
770 silly packumentCache full:https://registry.npmjs.org/@rolldown%2fbinding-linux-arm-gnueabihf cache-miss
771 http fetch GET 200 https://registry.npmjs.org/@rolldown%2fbinding-linux-arm64-musl 207ms (cache miss)
772 silly packumentCache full:https://registry.npmjs.org/@rolldown%2fbinding-linux-arm64-musl set size:undefined disposed:false
773 silly fetch manifest fdir@^6.5.0
774 silly packumentCache full:https://registry.npmjs.org/fdir cache-miss
775 http fetch GET 200 https://registry.npmjs.org/@rolldown%2fbinding-win32-arm64-msvc 212ms (cache miss)
776 silly packumentCache full:https://registry.npmjs.org/@rolldown%2fbinding-win32-arm64-msvc set size:undefined disposed:false
777 http fetch GET 200 https://registry.npmjs.org/fdir 84ms (cache miss)
778 silly packumentCache full:https://registry.npmjs.org/fdir set size:undefined disposed:false
779 http fetch GET 200 https://registry.npmjs.org/@rolldown%2fbinding-linux-arm-gnueabihf 135ms (cache miss)
780 silly packumentCache full:https://registry.npmjs.org/@rolldown%2fbinding-linux-arm-gnueabihf set size:undefined disposed:false
781 silly placeDep ROOT detect-libc@2.1.2 OK for: lightningcss@1.33.0 want: ^2.0.3
782 silly placeDep ROOT lightningcss-android-arm64@1.33.0 OK for: lightningcss@1.33.0 want: 1.33.0
783 silly placeDep ROOT lightningcss-darwin-arm64@1.33.0 OK for: lightningcss@1.33.0 want: 1.33.0
784 silly placeDep ROOT lightningcss-darwin-x64@1.33.0 OK for: lightningcss@1.33.0 want: 1.33.0
785 silly placeDep ROOT lightningcss-freebsd-x64@1.33.0 OK for: lightningcss@1.33.0 want: 1.33.0
786 silly placeDep ROOT lightningcss-linux-arm-gnueabihf@1.33.0 OK for: lightningcss@1.33.0 want: 1.33.0
787 silly placeDep ROOT lightningcss-linux-arm64-gnu@1.33.0 OK for: lightningcss@1.33.0 want: 1.33.0
788 silly placeDep ROOT lightningcss-linux-arm64-musl@1.33.0 OK for: lightningcss@1.33.0 want: 1.33.0
789 silly placeDep ROOT lightningcss-linux-x64-gnu@1.33.0 OK for: lightningcss@1.33.0 want: 1.33.0
790 silly placeDep ROOT lightningcss-linux-x64-musl@1.33.0 OK for: lightningcss@1.33.0 want: 1.33.0
791 silly placeDep ROOT lightningcss-win32-arm64-msvc@1.33.0 OK for: lightningcss@1.33.0 want: 1.33.0
792 silly placeDep ROOT lightningcss-win32-x64-msvc@1.33.0 OK for: lightningcss@1.33.0 want: 1.33.0
793 silly placeDep ROOT @oxc-project/types@0.147.0 OK for: rolldown@1.2.6 want: =0.147.0
794 silly placeDep ROOT @rolldown/binding-android-arm-eabi@1.2.6 OK for: rolldown@1.2.6 want: 1.2.6
795 silly placeDep ROOT @rolldown/binding-android-arm64@1.2.6 OK for: rolldown@1.2.6 want: 1.2.6
796 silly placeDep ROOT @rolldown/binding-darwin-arm64@1.2.6 OK for: rolldown@1.2.6 want: 1.2.6
797 silly placeDep ROOT @rolldown/binding-darwin-x64@1.2.6 OK for: rolldown@1.2.6 want: 1.2.6
798 silly placeDep ROOT @rolldown/binding-freebsd-x64@1.2.6 OK for: rolldown@1.2.6 want: 1.2.6
799 silly placeDep ROOT @rolldown/binding-linux-arm-gnueabihf@1.2.6 OK for: rolldown@1.2.6 want: 1.2.6
800 silly placeDep ROOT @rolldown/binding-linux-arm64-gnu@1.2.6 OK for: rolldown@1.2.6 want: 1.2.6
801 silly placeDep ROOT @rolldown/binding-linux-arm64-musl@1.2.6 OK for: rolldown@1.2.6 want: 1.2.6
802 silly placeDep ROOT @rolldown/binding-linux-ppc64-gnu@1.2.6 OK for: rolldown@1.2.6 want: 1.2.6
803 silly placeDep ROOT @rolldown/binding-linux-s390x-gnu@1.2.6 OK for: rolldown@1.2.6 want: 1.2.6
804 silly placeDep ROOT @rolldown/binding-linux-x64-gnu@1.2.6 OK for: rolldown@1.2.6 want: 1.2.6
805 silly placeDep ROOT @rolldown/binding-linux-x64-musl@1.2.6 OK for: rolldown@1.2.6 want: 1.2.6
806 silly placeDep ROOT @rolldown/binding-openharmony-arm64@1.2.6 OK for: rolldown@1.2.6 want: 1.2.6
807 silly placeDep ROOT @rolldown/binding-win32-arm64-msvc@1.2.6 OK for: rolldown@1.2.6 want: 1.2.6
808 silly placeDep ROOT @rolldown/binding-win32-x64-msvc@1.2.6 OK for: rolldown@1.2.6 want: 1.2.6
809 silly fetch manifest picomatch@^4.0.4
810 silly packumentCache full:https://registry.npmjs.org/picomatch cache-miss
811 http cache https://registry.npmjs.org/picomatch 14ms (cache hit)
812 silly packumentCache full:https://registry.npmjs.org/picomatch set size:134451 disposed:false
813 silly placeDep ROOT fdir@6.5.0 OK for: tinyglobby@0.2.17 want: ^6.5.0
814 silly reify moves {}
815 silly audit bulk request {
815 silly audit   '@types/react': [ '19.2.18' ],
815 silly audit   '@types/react-dom': [ '19.2.5' ],
815 silly audit   '@vitejs/plugin-react': [ '6.1.0' ],
815 silly audit   vite: [ '8.2.2' ],
815 silly audit   autoprefixer: [ '10.5.4' ],
815 silly audit   postcss: [ '8.5.26' ],
815 silly audit   'lucide-react': [ '1.34.0' ],
815 silly audit   react: [ '19.2.8' ],
815 silly audit   'react-dom': [ '19.2.8' ],
815 silly audit   recharts: [ '3.10.1' ],
815 silly audit   'react-is': [ '19.2.8' ],
815 silly audit   tailwindcss: [ '4.3.3' ],
815 silly audit   typescript: [ '7.0.2' ],
815 silly audit   csstype: [ '3.2.3' ],
815 silly audit   '@rolldown/pluginutils': [ '1.0.1' ],
815 silly audit   browserslist: [ '4.28.8' ],
815 silly audit   'caniuse-lite': [ '1.0.30001810' ],
815 silly audit   'fraction.js': [ '5.3.4' ],
815 silly audit   picocolors: [ '1.1.1' ],
815 silly audit   'postcss-value-parser': [ '4.2.0' ],
815 silly audit   'baseline-browser-mapping': [ '2.11.19' ],
815 silly audit   'electron-to-chromium': [ '1.5.415' ],
815 silly audit   'node-releases': [ '2.0.53' ],
815 silly audit   'update-browserslist-db': [ '1.3.1' ],
815 silly audit   nanoid: [ '3.3.18' ],
815 silly audit   'source-map-js': [ '1.2.1' ],
815 silly audit   scheduler: [ '0.27.0' ],
815 silly audit   '@reduxjs/toolkit': [ '2.12.0' ],
815 silly audit   clsx: [ '2.1.1' ],
815 silly audit   'decimal.js-light': [ '2.5.1' ],
815 silly audit   'es-toolkit': [ '1.51.0' ],
815 silly audit   eventemitter3: [ '5.0.4' ],
815 silly audit   immer: [ '11.1.18' ],
815 silly audit   'react-redux': [ '9.3.0' ],
815 silly audit   reselect: [ '5.2.0' ],
815 silly audit   'tiny-invariant': [ '1.3.3' ],
815 silly audit   'use-sync-external-store': [ '1.6.0' ],
815 silly audit   'victory-vendor': [ '37.3.6' ],
815 silly audit   '@standard-schema/spec': [ '1.1.0' ],
815 silly audit   '@standard-schema/utils': [ '0.3.0' ],
815 silly audit   redux: [ '5.0.1' ],
815 silly audit   'redux-thunk': [ '3.1.0' ],
815 silly audit   '@types/use-sync-external-store': [ '0.0.6' ],
815 silly audit   '@typescript/typescript-aix-ppc64': [ '7.0.2' ],
815 silly audit   '@typescript/typescript-darwin-arm64': [ '7.0.2' ],
815 silly audit   '@typescript/typescript-darwin-x64': [ '7.0.2' ],
815 silly audit   '@typescript/typescript-freebsd-arm64': [ '7.0.2' ],
815 silly audit   '@typescript/typescript-freebsd-x64': [ '7.0.2' ],
815 silly audit   '@typescript/typescript-linux-arm': [ '7.0.2' ],
815 silly audit   '@typescript/typescript-linux-arm64': [ '7.0.2' ],
815 silly audit   '@typescript/typescript-linux-loong64': [ '7.0.2' ],
815 silly audit   '@typescript/typescript-linux-mips64el': [ '7.0.2' ],
815 silly audit   '@typescript/typescript-linux-ppc64': [ '7.0.2' ],
815 silly audit   '@typescript/typescript-linux-riscv64': [ '7.0.2' ],
815 silly audit   '@typescript/typescript-linux-s390x': [ '7.0.2' ],
815 silly audit   '@typescript/typescript-linux-x64': [ '7.0.2' ],
815 silly audit   '@typescript/typescript-netbsd-arm64': [ '7.0.2' ],
815 silly audit   '@typescript/typescript-netbsd-x64': [ '7.0.2' ],
815 silly audit   '@typescript/typescript-openbsd-arm64': [ '7.0.2' ],
815 silly audit   '@typescript/typescript-openbsd-x64': [ '7.0.2' ],
815 silly audit   '@typescript/typescript-sunos-x64': [ '7.0.2' ],
815 silly audit   '@typescript/typescript-win32-arm64': [ '7.0.2' ],
815 silly audit   '@typescript/typescript-win32-x64': [ '7.0.2' ],
815 silly audit   escalade: [ '3.2.0' ],
815 silly audit   '@types/d3-array': [ '3.2.2' ],
815 silly audit   '@types/d3-ease': [ '3.0.2' ],
815 silly audit   '@types/d3-interpolate': [ '3.0.4' ],
815 silly audit   '@types/d3-scale': [ '4.0.9' ],
815 silly audit   '@types/d3-shape': [ '3.2.0' ],
815 silly audit   '@types/d3-time': [ '3.0.4' ],
815 silly audit   '@types/d3-timer': [ '3.0.2' ],
815 silly audit   'd3-array': [ '3.2.4' ],
815 silly audit   'd3-ease': [ '3.0.1' ],
815 silly audit   'd3-interpolate': [ '3.0.1' ],
815 silly audit   'd3-scale': [ '4.0.2' ],
815 silly audit   'd3-shape': [ '3.2.0' ],
815 silly audit   'd3-time': [ '3.1.0' ],
815 silly audit   'd3-timer': [ '3.0.1' ],
815 silly audit   '@types/d3-color': [ '3.1.3' ],
815 silly audit   '@types/d3-path': [ '3.1.1' ],
815 silly audit   internmap: [ '2.0.3' ],
815 silly audit   'd3-color': [ '3.1.0' ],
815 silly audit   'd3-format': [ '3.1.2' ],
815 silly audit   'd3-time-format': [ '4.1.0' ],
815 silly audit   'd3-path': [ '3.1.0' ],
815 silly audit   fsevents: [ '2.3.3' ],
815 silly audit   lightningcss: [ '1.33.0' ],
815 silly audit   picomatch: [ '4.0.7' ],
815 silly audit   rolldown: [ '1.2.6' ],
815 silly audit   tinyglobby: [ '0.2.17' ],
815 silly audit   'detect-libc': [ '2.1.2' ],
815 silly audit   'lightningcss-android-arm64': [ '1.33.0' ],
815 silly audit   'lightningcss-darwin-arm64': [ '1.33.0' ],
815 silly audit   'lightningcss-darwin-x64': [ '1.33.0' ],
815 silly audit   'lightningcss-freebsd-x64': [ '1.33.0' ],
815 silly audit   'lightningcss-linux-arm-gnueabihf': [ '1.33.0' ],
815 silly audit   'lightningcss-linux-arm64-gnu': [ '1.33.0' ],
815 silly audit   'lightningcss-linux-arm64-musl': [ '1.33.0' ],
815 silly audit   'lightningcss-linux-x64-gnu': [ '1.33.0' ],
815 silly audit   'lightningcss-linux-x64-musl': [ '1.33.0' ],
815 silly audit   'lightningcss-win32-arm64-msvc': [ '1.33.0' ],
815 silly audit   'lightningcss-win32-x64-msvc': [ '1.33.0' ],
815 silly audit   '@oxc-project/types': [ '0.147.0' ],
815 silly audit   '@rolldown/binding-android-arm-eabi': [ '1.2.6' ],
815 silly audit   '@rolldown/binding-android-arm64': [ '1.2.6' ],
815 silly audit   '@rolldown/binding-darwin-arm64': [ '1.2.6' ],
815 silly audit   '@rolldown/binding-darwin-x64': [ '1.2.6' ],
815 silly audit   '@rolldown/binding-freebsd-x64': [ '1.2.6' ],
815 silly audit   '@rolldown/binding-linux-arm-gnueabihf': [ '1.2.6' ],
815 silly audit   '@rolldown/binding-linux-arm64-gnu': [ '1.2.6' ],
815 silly audit   '@rolldown/binding-linux-arm64-musl': [ '1.2.6' ],
815 silly audit   '@rolldown/binding-linux-ppc64-gnu': [ '1.2.6' ],
815 silly audit   '@rolldown/binding-linux-s390x-gnu': [ '1.2.6' ],
815 silly audit   '@rolldown/binding-linux-x64-gnu': [ '1.2.6' ],
815 silly audit   '@rolldown/binding-linux-x64-musl': [ '1.2.6' ],
815 silly audit   '@rolldown/binding-openharmony-arm64': [ '1.2.6' ],
815 silly audit   '@rolldown/binding-win32-arm64-msvc': [ '1.2.6' ],
815 silly audit   '@rolldown/binding-win32-x64-msvc': [ '1.2.6' ],
815 silly audit   fdir: [ '6.5.0' ]
815 silly audit }
816 http cache @rolldown/binding-win32-x64-msvc@https://registry.npmjs.org/@rolldown/binding-win32-x64-msvc/-/binding-win32-x64-msvc-1.2.6.tgz 0ms (cache hit)
817 http cache @oxc-project/types@https://registry.npmjs.org/@oxc-project/types/-/types-0.147.0.tgz 0ms (cache hit)
818 http cache fdir@https://registry.npmjs.org/fdir/-/fdir-6.5.0.tgz 0ms (cache hit)
819 http cache lightningcss-win32-x64-msvc@https://registry.npmjs.org/lightningcss-win32-x64-msvc/-/lightningcss-win32-x64-msvc-1.33.0.tgz 0ms (cache hit)
820 http cache detect-libc@https://registry.npmjs.org/detect-libc/-/detect-libc-2.1.2.tgz 0ms (cache hit)
821 http cache tinyglobby@https://registry.npmjs.org/tinyglobby/-/tinyglobby-0.2.17.tgz 0ms (cache hit)
822 http cache rolldown@https://registry.npmjs.org/rolldown/-/rolldown-1.2.6.tgz 0ms (cache hit)
823 http cache picomatch@https://registry.npmjs.org/picomatch/-/picomatch-4.0.7.tgz 0ms (cache hit)
824 http cache lightningcss@https://registry.npmjs.org/lightningcss/-/lightningcss-1.33.0.tgz 0ms (cache hit)
825 http cache d3-path@https://registry.npmjs.org/d3-path/-/d3-path-3.1.0.tgz 0ms (cache hit)
826 http cache d3-time-format@https://registry.npmjs.org/d3-time-format/-/d3-time-format-4.1.0.tgz 1ms (cache hit)
827 http cache d3-format@https://registry.npmjs.org/d3-format/-/d3-format-3.1.2.tgz 0ms (cache hit)
828 http cache d3-color@https://registry.npmjs.org/d3-color/-/d3-color-3.1.0.tgz 1ms (cache hit)
829 http cache @types/d3-path@https://registry.npmjs.org/@types/d3-path/-/d3-path-3.1.1.tgz 0ms (cache hit)
830 http cache internmap@https://registry.npmjs.org/internmap/-/internmap-2.0.3.tgz 0ms (cache hit)
831 http cache @types/d3-color@https://registry.npmjs.org/@types/d3-color/-/d3-color-3.1.3.tgz 1ms (cache hit)
832 http cache d3-time@https://registry.npmjs.org/d3-time/-/d3-time-3.1.0.tgz 0ms (cache hit)
833 http cache d3-timer@https://registry.npmjs.org/d3-timer/-/d3-timer-3.0.1.tgz 0ms (cache hit)
834 http cache d3-shape@https://registry.npmjs.org/d3-shape/-/d3-shape-3.2.0.tgz 0ms (cache hit)
835 http cache d3-scale@https://registry.npmjs.org/d3-scale/-/d3-scale-4.0.2.tgz 1ms (cache hit)
836 http cache @types/d3-timer@https://registry.npmjs.org/@types/d3-timer/-/d3-timer-3.0.2.tgz 0ms (cache hit)
837 http cache d3-ease@https://registry.npmjs.org/d3-ease/-/d3-ease-3.0.1.tgz 0ms (cache hit)
838 http cache d3-array@https://registry.npmjs.org/d3-array/-/d3-array-3.2.4.tgz 0ms (cache hit)
839 http cache d3-interpolate@https://registry.npmjs.org/d3-interpolate/-/d3-interpolate-3.0.1.tgz 0ms (cache hit)
840 http cache @types/d3-shape@https://registry.npmjs.org/@types/d3-shape/-/d3-shape-3.2.0.tgz 0ms (cache hit)
841 http cache @types/d3-ease@https://registry.npmjs.org/@types/d3-ease/-/d3-ease-3.0.2.tgz 0ms (cache hit)
842 http cache @types/d3-interpolate@https://registry.npmjs.org/@types/d3-interpolate/-/d3-interpolate-3.0.4.tgz 0ms (cache hit)
843 http cache @typescript/typescript-win32-x64@https://registry.npmjs.org/@typescript/typescript-win32-x64/-/typescript-win32-x64-7.0.2.tgz 0ms (cache hit)
844 http cache escalade@https://registry.npmjs.org/escalade/-/escalade-3.2.0.tgz 0ms (cache hit)
845 http cache @types/d3-scale@https://registry.npmjs.org/@types/d3-scale/-/d3-scale-4.0.9.tgz 0ms (cache hit)
846 http cache @types/d3-array@https://registry.npmjs.org/@types/d3-array/-/d3-array-3.2.2.tgz 0ms (cache hit)
847 http cache @types/use-sync-external-store@https://registry.npmjs.org/@types/use-sync-external-store/-/use-sync-external-store-0.0.6.tgz 0ms (cache hit)
848 http cache redux@https://registry.npmjs.org/redux/-/redux-5.0.1.tgz 0ms (cache hit)
849 http cache @standard-schema/utils@https://registry.npmjs.org/@standard-schema/utils/-/utils-0.3.0.tgz 0ms (cache hit)
850 http cache redux-thunk@https://registry.npmjs.org/redux-thunk/-/redux-thunk-3.1.0.tgz 0ms (cache hit)
851 http cache @standard-schema/spec@https://registry.npmjs.org/@standard-schema/spec/-/spec-1.1.0.tgz 0ms (cache hit)
852 http cache victory-vendor@https://registry.npmjs.org/victory-vendor/-/victory-vendor-37.3.6.tgz 0ms (cache hit)
853 http cache tiny-invariant@https://registry.npmjs.org/tiny-invariant/-/tiny-invariant-1.3.3.tgz 0ms (cache hit)
854 http cache reselect@https://registry.npmjs.org/reselect/-/reselect-5.2.0.tgz 0ms (cache hit)
855 http cache use-sync-external-store@https://registry.npmjs.org/use-sync-external-store/-/use-sync-external-store-1.6.0.tgz 0ms (cache hit)
856 http cache react-redux@https://registry.npmjs.org/react-redux/-/react-redux-9.3.0.tgz 0ms (cache hit)
857 http cache immer@https://registry.npmjs.org/immer/-/immer-11.1.18.tgz 1ms (cache hit)
858 http cache eventemitter3@https://registry.npmjs.org/eventemitter3/-/eventemitter3-5.0.4.tgz 0ms (cache hit)
859 http cache es-toolkit@https://registry.npmjs.org/es-toolkit/-/es-toolkit-1.51.0.tgz 0ms (cache hit)
860 http cache @reduxjs/toolkit@https://registry.npmjs.org/@reduxjs/toolkit/-/toolkit-2.12.0.tgz 0ms (cache hit)
861 http cache decimal.js-light@https://registry.npmjs.org/decimal.js-light/-/decimal.js-light-2.5.1.tgz 0ms (cache hit)
862 http cache clsx@https://registry.npmjs.org/clsx/-/clsx-2.1.1.tgz 0ms (cache hit)
863 http cache scheduler@https://registry.npmjs.org/scheduler/-/scheduler-0.27.0.tgz 0ms (cache hit)
864 http cache source-map-js@https://registry.npmjs.org/source-map-js/-/source-map-js-1.2.1.tgz 0ms (cache hit)
865 http cache @types/d3-time@https://registry.npmjs.org/@types/d3-time/-/d3-time-3.0.4.tgz 0ms (cache hit)
866 http cache node-releases@https://registry.npmjs.org/node-releases/-/node-releases-2.0.53.tgz 0ms (cache hit)
867 http cache electron-to-chromium@https://registry.npmjs.org/electron-to-chromium/-/electron-to-chromium-1.5.415.tgz 0ms (cache hit)
868 http cache baseline-browser-mapping@https://registry.npmjs.org/baseline-browser-mapping/-/baseline-browser-mapping-2.11.19.tgz 0ms (cache hit)
869 http cache fraction.js@https://registry.npmjs.org/fraction.js/-/fraction.js-5.3.4.tgz 0ms (cache hit)
870 http cache picocolors@https://registry.npmjs.org/picocolors/-/picocolors-1.1.1.tgz 0ms (cache hit)
871 http cache postcss-value-parser@https://registry.npmjs.org/postcss-value-parser/-/postcss-value-parser-4.2.0.tgz 0ms (cache hit)
872 http cache @rolldown/pluginutils@https://registry.npmjs.org/@rolldown/pluginutils/-/pluginutils-1.0.1.tgz 0ms (cache hit)
873 http cache caniuse-lite@https://registry.npmjs.org/caniuse-lite/-/caniuse-lite-1.0.30001810.tgz 0ms (cache hit)
874 http cache browserslist@https://registry.npmjs.org/browserslist/-/browserslist-4.28.8.tgz 0ms (cache hit)
875 http cache csstype@https://registry.npmjs.org/csstype/-/csstype-3.2.3.tgz 0ms (cache hit)
876 http cache tailwindcss@https://registry.npmjs.org/tailwindcss/-/tailwindcss-4.3.3.tgz 0ms (cache hit)
877 http cache typescript@https://registry.npmjs.org/typescript/-/typescript-7.0.2.tgz 0ms (cache hit)
878 http cache react-is@https://registry.npmjs.org/react-is/-/react-is-19.2.8.tgz 0ms (cache hit)
879 http cache lucide-react@https://registry.npmjs.org/lucide-react/-/lucide-react-1.34.0.tgz 0ms (cache hit)
880 http cache react-dom@https://registry.npmjs.org/react-dom/-/react-dom-19.2.8.tgz 0ms (cache hit)
881 http cache recharts@https://registry.npmjs.org/recharts/-/recharts-3.10.1.tgz 0ms (cache hit)
882 http cache react@https://registry.npmjs.org/react/-/react-19.2.8.tgz 0ms (cache hit)
883 http cache @vitejs/plugin-react@https://registry.npmjs.org/@vitejs/plugin-react/-/plugin-react-6.1.0.tgz 0ms (cache hit)
884 http cache @types/react-dom@https://registry.npmjs.org/@types/react-dom/-/react-dom-19.2.5.tgz 0ms (cache hit)
885 http cache vite@https://registry.npmjs.org/vite/-/vite-8.2.2.tgz 1ms (cache hit)
886 http cache autoprefixer@https://registry.npmjs.org/autoprefixer/-/autoprefixer-10.5.4.tgz 0ms (cache hit)
887 http cache nanoid@https://registry.npmjs.org/nanoid/-/nanoid-3.3.18.tgz 0ms (cache hit)
888 http cache update-browserslist-db@https://registry.npmjs.org/update-browserslist-db/-/update-browserslist-db-1.3.1.tgz 0ms (cache hit)
889 silly tarball no local data for @rolldown/binding-win32-x64-msvc@https://registry.npmjs.org/@rolldown/binding-win32-x64-msvc/-/binding-win32-x64-msvc-1.2.6.tgz. Extracting by manifest.
890 silly tarball no local data for @oxc-project/types@https://registry.npmjs.org/@oxc-project/types/-/types-0.147.0.tgz. Extracting by manifest.
891 silly tarball no local data for fdir@https://registry.npmjs.org/fdir/-/fdir-6.5.0.tgz. Extracting by manifest.
892 silly tarball no local data for lightningcss-win32-x64-msvc@https://registry.npmjs.org/lightningcss-win32-x64-msvc/-/lightningcss-win32-x64-msvc-1.33.0.tgz. Extracting by manifest.
893 silly tarball no local data for detect-libc@https://registry.npmjs.org/detect-libc/-/detect-libc-2.1.2.tgz. Extracting by manifest.
894 http cache @types/react@https://registry.npmjs.org/@types/react/-/react-19.2.18.tgz 0ms (cache hit)
895 silly tarball no local data for tinyglobby@https://registry.npmjs.org/tinyglobby/-/tinyglobby-0.2.17.tgz. Extracting by manifest.
896 silly tarball no local data for rolldown@https://registry.npmjs.org/rolldown/-/rolldown-1.2.6.tgz. Extracting by manifest.
897 silly tarball no local data for picomatch@https://registry.npmjs.org/picomatch/-/picomatch-4.0.7.tgz. Extracting by manifest.
898 silly tarball no local data for lightningcss@https://registry.npmjs.org/lightningcss/-/lightningcss-1.33.0.tgz. Extracting by manifest.
899 silly tarball no local data for d3-path@https://registry.npmjs.org/d3-path/-/d3-path-3.1.0.tgz. Extracting by manifest.
900 silly tarball no local data for d3-time-format@https://registry.npmjs.org/d3-time-format/-/d3-time-format-4.1.0.tgz. Extracting by manifest.
901 silly tarball no local data for d3-format@https://registry.npmjs.org/d3-format/-/d3-format-3.1.2.tgz. Extracting by manifest.
902 silly tarball no local data for d3-color@https://registry.npmjs.org/d3-color/-/d3-color-3.1.0.tgz. Extracting by manifest.
903 silly tarball no local data for @types/d3-path@https://registry.npmjs.org/@types/d3-path/-/d3-path-3.1.1.tgz. Extracting by manifest.
904 silly tarball no local data for internmap@https://registry.npmjs.org/internmap/-/internmap-2.0.3.tgz. Extracting by manifest.
905 silly tarball no local data for @types/d3-color@https://registry.npmjs.org/@types/d3-color/-/d3-color-3.1.3.tgz. Extracting by manifest.
906 silly tarball no local data for d3-time@https://registry.npmjs.org/d3-time/-/d3-time-3.1.0.tgz. Extracting by manifest.
907 silly tarball no local data for d3-timer@https://registry.npmjs.org/d3-timer/-/d3-timer-3.0.1.tgz. Extracting by manifest.
908 silly tarball no local data for d3-shape@https://registry.npmjs.org/d3-shape/-/d3-shape-3.2.0.tgz. Extracting by manifest.
909 http cache postcss@https://registry.npmjs.org/postcss/-/postcss-8.5.26.tgz 1ms (cache hit)
910 silly tarball no local data for d3-scale@https://registry.npmjs.org/d3-scale/-/d3-scale-4.0.2.tgz. Extracting by manifest.
911 silly tarball no local data for @types/d3-timer@https://registry.npmjs.org/@types/d3-timer/-/d3-timer-3.0.2.tgz. Extracting by manifest.
912 silly tarball no local data for d3-ease@https://registry.npmjs.org/d3-ease/-/d3-ease-3.0.1.tgz. Extracting by manifest.
913 silly tarball no local data for d3-array@https://registry.npmjs.org/d3-array/-/d3-array-3.2.4.tgz. Extracting by manifest.
914 silly tarball no local data for d3-interpolate@https://registry.npmjs.org/d3-interpolate/-/d3-interpolate-3.0.1.tgz. Extracting by manifest.
915 silly tarball no local data for @types/d3-shape@https://registry.npmjs.org/@types/d3-shape/-/d3-shape-3.2.0.tgz. Extracting by manifest.
916 silly tarball no local data for @types/d3-ease@https://registry.npmjs.org/@types/d3-ease/-/d3-ease-3.0.2.tgz. Extracting by manifest.
917 silly tarball no local data for @types/d3-interpolate@https://registry.npmjs.org/@types/d3-interpolate/-/d3-interpolate-3.0.4.tgz. Extracting by manifest.
918 silly tarball no local data for @typescript/typescript-win32-x64@https://registry.npmjs.org/@typescript/typescript-win32-x64/-/typescript-win32-x64-7.0.2.tgz. Extracting by manifest.
919 silly tarball no local data for escalade@https://registry.npmjs.org/escalade/-/escalade-3.2.0.tgz. Extracting by manifest.
920 silly tarball no local data for @types/d3-scale@https://registry.npmjs.org/@types/d3-scale/-/d3-scale-4.0.9.tgz. Extracting by manifest.
921 silly tarball no local data for @types/d3-array@https://registry.npmjs.org/@types/d3-array/-/d3-array-3.2.2.tgz. Extracting by manifest.
922 silly tarball no local data for @types/use-sync-external-store@https://registry.npmjs.org/@types/use-sync-external-store/-/use-sync-external-store-0.0.6.tgz. Extracting by manifest.
923 silly tarball no local data for redux@https://registry.npmjs.org/redux/-/redux-5.0.1.tgz. Extracting by manifest.
924 silly tarball no local data for @standard-schema/utils@https://registry.npmjs.org/@standard-schema/utils/-/utils-0.3.0.tgz. Extracting by manifest.
925 silly tarball no local data for redux-thunk@https://registry.npmjs.org/redux-thunk/-/redux-thunk-3.1.0.tgz. Extracting by manifest.
926 silly tarball no local data for @standard-schema/spec@https://registry.npmjs.org/@standard-schema/spec/-/spec-1.1.0.tgz. Extracting by manifest.
927 silly tarball no local data for victory-vendor@https://registry.npmjs.org/victory-vendor/-/victory-vendor-37.3.6.tgz. Extracting by manifest.
928 silly tarball no local data for tiny-invariant@https://registry.npmjs.org/tiny-invariant/-/tiny-invariant-1.3.3.tgz. Extracting by manifest.
929 silly tarball no local data for reselect@https://registry.npmjs.org/reselect/-/reselect-5.2.0.tgz. Extracting by manifest.
930 silly tarball no local data for use-sync-external-store@https://registry.npmjs.org/use-sync-external-store/-/use-sync-external-store-1.6.0.tgz. Extracting by manifest.
931 silly tarball no local data for react-redux@https://registry.npmjs.org/react-redux/-/react-redux-9.3.0.tgz. Extracting by manifest.
932 silly tarball no local data for immer@https://registry.npmjs.org/immer/-/immer-11.1.18.tgz. Extracting by manifest.
933 silly tarball no local data for eventemitter3@https://registry.npmjs.org/eventemitter3/-/eventemitter3-5.0.4.tgz. Extracting by manifest.
934 silly tarball no local data for es-toolkit@https://registry.npmjs.org/es-toolkit/-/es-toolkit-1.51.0.tgz. Extracting by manifest.
935 silly tarball no local data for @reduxjs/toolkit@https://registry.npmjs.org/@reduxjs/toolkit/-/toolkit-2.12.0.tgz. Extracting by manifest.
936 silly tarball no local data for decimal.js-light@https://registry.npmjs.org/decimal.js-light/-/decimal.js-light-2.5.1.tgz. Extracting by manifest.
937 silly tarball no local data for clsx@https://registry.npmjs.org/clsx/-/clsx-2.1.1.tgz. Extracting by manifest.
938 silly tarball no local data for scheduler@https://registry.npmjs.org/scheduler/-/scheduler-0.27.0.tgz. Extracting by manifest.
939 silly tarball no local data for source-map-js@https://registry.npmjs.org/source-map-js/-/source-map-js-1.2.1.tgz. Extracting by manifest.
940 silly tarball no local data for @types/d3-time@https://registry.npmjs.org/@types/d3-time/-/d3-time-3.0.4.tgz. Extracting by manifest.
941 silly tarball no local data for node-releases@https://registry.npmjs.org/node-releases/-/node-releases-2.0.53.tgz. Extracting by manifest.
942 silly tarball no local data for electron-to-chromium@https://registry.npmjs.org/electron-to-chromium/-/electron-to-chromium-1.5.415.tgz. Extracting by manifest.
943 silly tarball no local data for baseline-browser-mapping@https://registry.npmjs.org/baseline-browser-mapping/-/baseline-browser-mapping-2.11.19.tgz. Extracting by manifest.
944 silly tarball no local data for fraction.js@https://registry.npmjs.org/fraction.js/-/fraction.js-5.3.4.tgz. Extracting by manifest.
945 silly tarball no local data for picocolors@https://registry.npmjs.org/picocolors/-/picocolors-1.1.1.tgz. Extracting by manifest.
946 silly tarball no local data for postcss-value-parser@https://registry.npmjs.org/postcss-value-parser/-/postcss-value-parser-4.2.0.tgz. Extracting by manifest.
947 silly tarball no local data for @rolldown/pluginutils@https://registry.npmjs.org/@rolldown/pluginutils/-/pluginutils-1.0.1.tgz. Extracting by manifest.
948 silly tarball no local data for caniuse-lite@https://registry.npmjs.org/caniuse-lite/-/caniuse-lite-1.0.30001810.tgz. Extracting by manifest.
949 silly tarball no local data for browserslist@https://registry.npmjs.org/browserslist/-/browserslist-4.28.8.tgz. Extracting by manifest.
950 silly tarball no local data for csstype@https://registry.npmjs.org/csstype/-/csstype-3.2.3.tgz. Extracting by manifest.
951 silly tarball no local data for tailwindcss@https://registry.npmjs.org/tailwindcss/-/tailwindcss-4.3.3.tgz. Extracting by manifest.
952 silly tarball no local data for typescript@https://registry.npmjs.org/typescript/-/typescript-7.0.2.tgz. Extracting by manifest.
953 silly tarball no local data for react-is@https://registry.npmjs.org/react-is/-/react-is-19.2.8.tgz. Extracting by manifest.
954 silly tarball no local data for lucide-react@https://registry.npmjs.org/lucide-react/-/lucide-react-1.34.0.tgz. Extracting by manifest.
955 silly tarball no local data for react-dom@https://registry.npmjs.org/react-dom/-/react-dom-19.2.8.tgz. Extracting by manifest.
956 silly tarball no local data for recharts@https://registry.npmjs.org/recharts/-/recharts-3.10.1.tgz. Extracting by manifest.
957 silly tarball no local data for react@https://registry.npmjs.org/react/-/react-19.2.8.tgz. Extracting by manifest.
958 silly tarball no local data for @vitejs/plugin-react@https://registry.npmjs.org/@vitejs/plugin-react/-/plugin-react-6.1.0.tgz. Extracting by manifest.
959 silly tarball no local data for @types/react-dom@https://registry.npmjs.org/@types/react-dom/-/react-dom-19.2.5.tgz. Extracting by manifest.
960 silly tarball no local data for vite@https://registry.npmjs.org/vite/-/vite-8.2.2.tgz. Extracting by manifest.
961 silly tarball no local data for autoprefixer@https://registry.npmjs.org/autoprefixer/-/autoprefixer-10.5.4.tgz. Extracting by manifest.
962 silly tarball no local data for nanoid@https://registry.npmjs.org/nanoid/-/nanoid-3.3.18.tgz. Extracting by manifest.
963 silly tarball no local data for update-browserslist-db@https://registry.npmjs.org/update-browserslist-db/-/update-browserslist-db-1.3.1.tgz. Extracting by manifest.
964 silly tarball no local data for @types/react@https://registry.npmjs.org/@types/react/-/react-19.2.18.tgz. Extracting by manifest.
965 silly tarball no local data for postcss@https://registry.npmjs.org/postcss/-/postcss-8.5.26.tgz. Extracting by manifest.
966 http fetch POST 200 https://registry.npmjs.org/-/npm/v1/security/advisories/bulk 409ms
967 silly audit report {}
968 http fetch GET 200 https://registry.npmjs.org/@oxc-project/types/-/types-0.147.0.tgz 278ms (cache miss)
969 http fetch GET 200 https://registry.npmjs.org/@types/d3-color/-/d3-color-3.1.3.tgz 339ms (cache miss)
970 http fetch GET 200 https://registry.npmjs.org/d3-time/-/d3-time-3.1.0.tgz 416ms (cache miss)
971 http fetch GET 200 https://registry.npmjs.org/d3-timer/-/d3-timer-3.0.1.tgz 496ms (cache miss)
972 http fetch GET 200 https://registry.npmjs.org/internmap/-/internmap-2.0.3.tgz 624ms (cache miss)
973 http fetch GET 200 https://registry.npmjs.org/@types/d3-timer/-/d3-timer-3.0.2.tgz 628ms (cache miss)
974 http fetch GET 200 https://registry.npmjs.org/tinyglobby/-/tinyglobby-0.2.17.tgz 730ms (cache miss)
975 http fetch GET 200 https://registry.npmjs.org/@types/d3-ease/-/d3-ease-3.0.2.tgz 820ms (cache miss)
976 http fetch GET 200 https://registry.npmjs.org/escalade/-/escalade-3.2.0.tgz 908ms (cache miss)
977 http fetch GET 200 https://registry.npmjs.org/@types/d3-array/-/d3-array-3.2.2.tgz 1022ms (cache miss)
978 http fetch GET 200 https://registry.npmjs.org/d3-color/-/d3-color-3.1.0.tgz 1045ms (cache miss)
979 http fetch GET 200 https://registry.npmjs.org/@types/d3-path/-/d3-path-3.1.1.tgz 1072ms (cache miss)
980 http fetch GET 200 https://registry.npmjs.org/@types/d3-interpolate/-/d3-interpolate-3.0.4.tgz 1064ms (cache miss)
981 http fetch GET 200 https://registry.npmjs.org/@types/use-sync-external-store/-/use-sync-external-store-0.0.6.tgz 1078ms (cache miss)
982 http fetch GET 200 https://registry.npmjs.org/@standard-schema/spec/-/spec-1.1.0.tgz 1105ms (cache miss)
983 http fetch GET 200 https://registry.npmjs.org/d3-path/-/d3-path-3.1.0.tgz 1169ms (cache miss)
984 http fetch GET 200 https://registry.npmjs.org/tiny-invariant/-/tiny-invariant-1.3.3.tgz 1172ms (cache miss)
985 http fetch GET 200 https://registry.npmjs.org/@types/d3-scale/-/d3-scale-4.0.9.tgz 1212ms (cache miss)
986 http fetch GET 200 https://registry.npmjs.org/@types/d3-shape/-/d3-shape-3.2.0.tgz 1419ms (cache miss)
987 http fetch GET 200 https://registry.npmjs.org/redux-thunk/-/redux-thunk-3.1.0.tgz 1508ms (cache miss)
988 http fetch GET 200 https://registry.npmjs.org/clsx/-/clsx-2.1.1.tgz 1573ms (cache miss)
989 http fetch GET 200 https://registry.npmjs.org/@standard-schema/utils/-/utils-0.3.0.tgz 1651ms (cache miss)
990 http fetch GET 200 https://registry.npmjs.org/detect-libc/-/detect-libc-2.1.2.tgz 1712ms (cache miss)
991 http fetch GET 200 https://registry.npmjs.org/d3-ease/-/d3-ease-3.0.1.tgz 1784ms (cache miss)
992 http fetch GET 200 https://registry.npmjs.org/eventemitter3/-/eventemitter3-5.0.4.tgz 1892ms (cache miss)
993 http fetch GET 200 https://registry.npmjs.org/@types/d3-time/-/d3-time-3.0.4.tgz 1945ms (cache miss)
994 http fetch GET 200 https://registry.npmjs.org/node-releases/-/node-releases-2.0.53.tgz 2031ms (cache miss)
995 http fetch GET 200 https://registry.npmjs.org/picocolors/-/picocolors-1.1.1.tgz 2073ms (cache miss)
996 http fetch GET 200 https://registry.npmjs.org/postcss-value-parser/-/postcss-value-parser-4.2.0.tgz 2095ms (cache miss)
997 http fetch GET 200 https://registry.npmjs.org/use-sync-external-store/-/use-sync-external-store-1.6.0.tgz 2150ms (cache miss)
998 http fetch GET 200 https://registry.npmjs.org/scheduler/-/scheduler-0.27.0.tgz 2317ms (cache miss)
999 http fetch GET 200 https://registry.npmjs.org/decimal.js-light/-/decimal.js-light-2.5.1.tgz 2331ms (cache miss)
1000 http fetch GET 200 https://registry.npmjs.org/fdir/-/fdir-6.5.0.tgz 2413ms (cache miss)
1001 http fetch GET 200 https://registry.npmjs.org/lightningcss/-/lightningcss-1.33.0.tgz 2454ms (cache miss)
1002 http fetch GET 200 https://registry.npmjs.org/browserslist/-/browserslist-4.28.8.tgz 2484ms (cache miss)
1003 http fetch GET 200 https://registry.npmjs.org/baseline-browser-mapping/-/baseline-browser-mapping-2.11.19.tgz 2511ms (cache miss)
1004 http fetch GET 200 https://registry.npmjs.org/d3-scale/-/d3-scale-4.0.2.tgz 2573ms (cache miss)
1005 http fetch GET 200 https://registry.npmjs.org/react-is/-/react-is-19.2.8.tgz 2524ms (cache miss)
1006 http fetch GET 200 https://registry.npmjs.org/d3-interpolate/-/d3-interpolate-3.0.1.tgz 2695ms (cache miss)
1007 http fetch GET 200 https://registry.npmjs.org/source-map-js/-/source-map-js-1.2.1.tgz 2677ms (cache miss)
1008 http fetch GET 200 https://registry.npmjs.org/electron-to-chromium/-/electron-to-chromium-1.5.415.tgz 2757ms (cache miss)
1009 http fetch GET 200 https://registry.npmjs.org/@types/react-dom/-/react-dom-19.2.5.tgz 2822ms (cache miss)
1010 http fetch GET 200 https://registry.npmjs.org/csstype/-/csstype-3.2.3.tgz 2950ms (cache miss)
1011 http fetch GET 200 https://registry.npmjs.org/nanoid/-/nanoid-3.3.18.tgz 3054ms (cache miss)
1012 http fetch GET 200 https://registry.npmjs.org/redux/-/redux-5.0.1.tgz 3125ms (cache miss)
1013 http fetch GET 200 https://registry.npmjs.org/fraction.js/-/fraction.js-5.3.4.tgz 3112ms (cache miss)
1014 http fetch GET 200 https://registry.npmjs.org/d3-time-format/-/d3-time-format-4.1.0.tgz 3263ms (cache miss)
1015 http fetch GET 200 https://registry.npmjs.org/@vitejs/plugin-react/-/plugin-react-6.1.0.tgz 3183ms (cache miss)
1016 http fetch GET 200 https://registry.npmjs.org/update-browserslist-db/-/update-browserslist-db-1.3.1.tgz 3608ms (cache miss)
1017 http fetch GET 200 https://registry.npmjs.org/@rolldown/pluginutils/-/pluginutils-1.0.1.tgz 3651ms (cache miss)
1018 http fetch GET 200 https://registry.npmjs.org/picomatch/-/picomatch-4.0.7.tgz 3981ms (cache miss)
1019 http fetch GET 200 https://registry.npmjs.org/@types/react/-/react-19.2.18.tgz 3967ms (cache miss)
1020 http fetch GET 200 https://registry.npmjs.org/immer/-/immer-11.1.18.tgz 4127ms (cache miss)
1021 http fetch GET 200 https://registry.npmjs.org/react/-/react-19.2.8.tgz 4092ms (cache miss)
1022 http fetch GET 200 https://registry.npmjs.org/reselect/-/reselect-5.2.0.tgz 4187ms (cache miss)
1023 http fetch GET 200 https://registry.npmjs.org/tailwindcss/-/tailwindcss-4.3.3.tgz 4190ms (cache miss)
1024 http fetch GET 200 https://registry.npmjs.org/rolldown/-/rolldown-1.2.6.tgz 4624ms (cache miss)
1025 http fetch GET 200 https://registry.npmjs.org/d3-format/-/d3-format-3.1.2.tgz 4693ms (cache miss)
1026 http fetch GET 200 https://registry.npmjs.org/react-redux/-/react-redux-9.3.0.tgz 4672ms (cache miss)
1027 http fetch GET 200 https://registry.npmjs.org/d3-shape/-/d3-shape-3.2.0.tgz 5312ms (cache miss)
1028 http fetch GET 200 https://registry.npmjs.org/postcss/-/postcss-8.5.26.tgz 5244ms (cache miss)
1029 http fetch GET 200 https://registry.npmjs.org/vite/-/vite-8.2.2.tgz 5541ms (cache miss)
1030 http fetch GET 200 https://registry.npmjs.org/d3-array/-/d3-array-3.2.4.tgz 5983ms (cache miss)
1031 http fetch GET 200 https://registry.npmjs.org/autoprefixer/-/autoprefixer-10.5.4.tgz 6185ms (cache miss)
1032 http fetch GET 200 https://registry.npmjs.org/react-dom/-/react-dom-19.2.8.tgz 6200ms (cache miss)
1033 http fetch GET 200 https://registry.npmjs.org/lightningcss-win32-x64-msvc/-/lightningcss-win32-x64-msvc-1.33.0.tgz 7099ms (cache miss)
1034 http fetch GET 200 https://registry.npmjs.org/@rolldown/binding-win32-x64-msvc/-/binding-win32-x64-msvc-1.2.6.tgz 7321ms (cache miss)
1035 http fetch GET 200 https://registry.npmjs.org/@reduxjs/toolkit/-/toolkit-2.12.0.tgz 9002ms (cache miss)
1036 http fetch GET 200 https://registry.npmjs.org/@typescript/typescript-win32-x64/-/typescript-win32-x64-7.0.2.tgz 13317ms (cache miss)
1037 http fetch GET 200 https://registry.npmjs.org/victory-vendor/-/victory-vendor-37.3.6.tgz 13641ms (cache miss)
1038 http fetch GET 200 https://registry.npmjs.org/typescript/-/typescript-7.0.2.tgz 17678ms (cache miss)
1039 http fetch GET 200 https://registry.npmjs.org/caniuse-lite/-/caniuse-lite-1.0.30001810.tgz 22522ms (cache miss)
1040 http fetch GET 200 https://registry.npmjs.org/recharts/-/recharts-3.10.1.tgz 23789ms (cache miss)
1041 http fetch GET 200 https://registry.npmjs.org/es-toolkit/-/es-toolkit-1.51.0.tgz 46054ms (cache miss)
1042 warn tar TAR_ENTRY_ERROR ENOENT: no such file or directory, lstat 'C:\SIH26142-SRM\frontend\node_modules\lucide-react\dist'
1043 silly tar TAR_ENTRY_ERROR ENOENT: no such file or directory, lstat 'C:\SIH26142-SRM\frontend\node_modules\lucide-react\dist' [Error: ENOENT: no such file or directory, lstat 'C:\SIH26142-SRM\frontend\node_modules\lucide-react\dist'] {
1043 silly tar   errno: -4058,
1043 silly tar   code: 'ENOENT',
1043 silly tar   syscall: 'lstat',
1043 silly tar   path: 'C:/SIH26142-SRM/frontend/node_modules/lucide-react/dist',
1043 silly tar   entry: Is {
1043 silly tar     _events: [Object: null prototype] { end: [Function (anonymous)] },
1043 silly tar     _eventsCount: 1,
1043 silly tar     _maxListeners: undefined,
1043 silly tar     writable: false,
1043 silly tar     readable: true,
1043 silly tar     extended: undefined,
1043 silly tar     globalExtended: undefined,
1043 silly tar     header: Ls {
1043 silly tar       cksumValid: true,
1043 silly tar       needPax: false,
1043 silly tar       nullBlock: false,
1043 silly tar       block: undefined,
1043 silly tar       path: 'package/dist/esm/icons/summary.mjs',
1043 silly tar       mode: 420,
1043 silly tar       uid: 0,
1043 silly tar       gid: 0,
1043 silly tar       size: 640,
1043 silly tar       cksum: 7091,
1043 silly tar       linkpath: '',
1043 silly tar       uname: '',
1043 silly tar       gname: '',
1043 silly tar       devmaj: 0,
1043 silly tar       devmin: 0,
1043 silly tar       atime: undefined,
1043 silly tar       ctime: undefined,
1043 silly tar       mtime: 1985-10-26T08:15:00.000Z,
1043 silly tar       charset: undefined,
1043 silly tar       comment: undefined
1043 silly tar     },
1043 silly tar     startBlockSize: 1024,
1043 silly tar     blockRemain: 0,
1043 silly tar     remain: 0,
1043 silly tar     type: 'File',
1043 silly tar     meta: false,
1043 silly tar     ignore: false,
1043 silly tar     path: 'dist/esm/icons/summary.mjs',
1043 silly tar     mode: 438,
1043 silly tar     uid: 0,
1043 silly tar     gid: 0,
1043 silly tar     uname: '',
1043 silly tar     gname: '',
1043 silly tar     size: 640,
1043 silly tar     mtime: 1985-10-26T08:15:00.000Z,
1043 silly tar     atime: undefined,
1043 silly tar     ctime: undefined,
1043 silly tar     linkpath: undefined,
1043 silly tar     dev: undefined,
1043 silly tar     ino: undefined,
1043 silly tar     nlink: undefined,
1043 silly tar     invalid: false,
1043 silly tar     absolute: 'C:/SIH26142-SRM/frontend/node_modules/lucide-react/dist/esm/icons/summary.mjs',
1043 silly tar     unsupported: false,
1043 silly tar     Symbol(shapeMode): false,
1043 silly tar     Symbol(kCapture): false,
1043 silly tar     Symbol(flowing): false,
1043 silly tar     Symbol(paused): true,
1043 silly tar     Symbol(pipes): [],
1043 silly tar     Symbol(buffer): [
1043 silly tar       <Buffer 2f 2a 2a 0a 20 2a 20 40 6c 69 63 65 6e 73 65 20 6c 75 63 69 64 65 2d 72 65 61 63 74 20 76 31 2e 33 34 2e 30 20 2d 20 49 53 43 0a 20 2a 0a 20 2a 20 54 ... 590 more bytes>
1043 silly tar     ],
1043 silly tar     Symbol(objectMode): false,
1043 silly tar     Symbol(encoding): null,
1043 silly tar     Symbol(async): false,
1043 silly tar     Symbol(decoder): null,
1043 silly tar     Symbol(EOF): true,
1043 silly tar     Symbol(emittedEnd): false,
1043 silly tar     Symbol(emittingEnd): false,
1043 silly tar     Symbol(closed): false,
1043 silly tar     Symbol(emittedError): null,
1043 silly tar     Symbol(bufferLength): 640,
1043 silly tar     Symbol(destroyed): false,
1043 silly tar     Symbol(signal): undefined,
1043 silly tar     Symbol(aborted): false,
1043 silly tar     Symbol(dataListeners): 0,
1043 silly tar     Symbol(discarded): false
1043 silly tar   },
1043 silly tar   cwd: 'C:/SIH26142-SRM/frontend/node_modules/lucide-react',
1043 silly tar   tarCode: 'TAR_ENTRY_ERROR'
1043 silly tar }
1044 warn tar TAR_ENTRY_ERROR ENOENT: no such file or directory, lstat 'C:\SIH26142-SRM\frontend\node_modules\lucide-react\dist'
1045 silly tar TAR_ENTRY_ERROR ENOENT: no such file or directory, lstat 'C:\SIH26142-SRM\frontend\node_modules\lucide-react\dist' [Error: ENOENT: no such file or directory, lstat 'C:\SIH26142-SRM\frontend\node_modules\lucide-react\dist'] {
1045 silly tar   errno: -4058,
1045 silly tar   code: 'ENOENT',
1045 silly tar   syscall: 'lstat',
1045 silly tar   path: 'C:/SIH26142-SRM/frontend/node_modules/lucide-react/dist',
1045 silly tar   entry: Is {
1045 silly tar     _events: [Object: null prototype] { end: [Function (anonymous)] },
1045 silly tar     _eventsCount: 1,
1045 silly tar     _maxListeners: undefined,
1045 silly tar     writable: false,
1045 silly tar     readable: true,
1045 silly tar     extended: undefined,
1045 silly tar     globalExtended: undefined,
1045 silly tar     header: Ls {
1045 silly tar       cksumValid: true,
1045 silly tar       needPax: false,
1045 silly tar       nullBlock: false,
1045 silly tar       block: undefined,
1045 silly tar       path: 'package/dist/esm/icons/sun-dim.mjs',
1045 silly tar       mode: 420,
1045 silly tar       uid: 0,
1045 silly tar       gid: 0,
1045 silly tar       size: 860,
1045 silly tar       cksum: 7020,
1045 silly tar       linkpath: '',
1045 silly tar       uname: '',
1045 silly tar       gname: '',
1045 silly tar       devmaj: 0,
1045 silly tar       devmin: 0,
1045 silly tar       atime: undefined,
1045 silly tar       ctime: undefined,
1045 silly tar       mtime: 1985-10-26T08:15:00.000Z,
1045 silly tar       charset: undefined,
1045 silly tar       comment: undefined
1045 silly tar     },
1045 silly tar     startBlockSize: 1024,
1045 silly tar     blockRemain: 0,
1045 silly tar     remain: 0,
1045 silly tar     type: 'File',
1045 silly tar     meta: false,
1045 silly tar     ignore: false,
1045 silly tar     path: 'dist/esm/icons/sun-dim.mjs',
1045 silly tar     mode: 438,
1045 silly tar     uid: 0,
1045 silly tar     gid: 0,
1045 silly tar     uname: '',
1045 silly tar     gname: '',
1045 silly tar     size: 860,
1045 silly tar     mtime: 1985-10-26T08:15:00.000Z,
1045 silly tar     atime: undefined,
1045 silly tar     ctime: undefined,
1045 silly tar     linkpath: undefined,
1045 silly tar     dev: undefined,
1045 silly tar     ino: undefined,
1045 silly tar     nlink: undefined,
1045 silly tar     invalid: false,
1045 silly tar     absolute: 'C:/SIH26142-SRM/frontend/node_modules/lucide-react/dist/esm/icons/sun-dim.mjs',
1045 silly tar     unsupported: false,
1045 silly tar     Symbol(shapeMode): false,
1045 silly tar     Symbol(kCapture): false,
1045 silly tar     Symbol(flowing): false,
1045 silly tar     Symbol(paused): true,
1045 silly tar     Symbol(pipes): [],
1045 silly tar     Symbol(buffer): [
1045 silly tar       <Buffer 2f 2a 2a 0a 20 2a 20 40 6c 69 63 65 6e 73 65 20 6c 75 63 69 64 65 2d 72 65 61 63 74 20 76 31 2e 33 34 2e 30 20 2d 20 49 53 43 0a 20 2a 0a 20 2a 20 54 ... 810 more bytes>
1045 silly tar     ],
1045 silly tar     Symbol(objectMode): false,
1045 silly tar     Symbol(encoding): null,
1045 silly tar     Symbol(async): false,
1045 silly tar     Symbol(decoder): null,
1045 silly tar     Symbol(EOF): true,
1045 silly tar     Symbol(emittedEnd): false,
1045 silly tar     Symbol(emittingEnd): false,
1045 silly tar     Symbol(closed): false,
1045 silly tar     Symbol(emittedError): null,
1045 silly tar     Symbol(bufferLength): 860,
1045 silly tar     Symbol(destroyed): false,
1045 silly tar     Symbol(signal): undefined,
1045 silly tar     Symbol(aborted): false,
1045 silly tar     Symbol(dataListeners): 0,
1045 silly tar     Symbol(discarded): false
1045 silly tar   },
1045 silly tar   cwd: 'C:/SIH26142-SRM/frontend/node_modules/lucide-react',
1045 silly tar   tarCode: 'TAR_ENTRY_ERROR'
1045 silly tar }
1046 warn tar TAR_ENTRY_ERROR ENOENT: no such file or directory, open 'C:\SIH26142-SRM\frontend\node_modules\lucide-react\dist\esm\icons\ticket-plus.mjs'
1047 silly tar TAR_ENTRY_ERROR ENOENT: no such file or directory, open 'C:\SIH26142-SRM\frontend\node_modules\lucide-react\dist\esm\icons\ticket-plus.mjs' [Error: ENOENT: no such file or directory, open 'C:\SIH26142-SRM\frontend\node_modules\lucide-react\dist\esm\icons\ticket-plus.mjs'] {
1047 silly tar   errno: -4058,
1047 silly tar   code: 'ENOENT',
1047 silly tar   syscall: 'open',
1047 silly tar   path: 'C:\\SIH26142-SRM\\frontend\\node_modules\\lucide-react\\dist\\esm\\icons\\ticket-plus.mjs',
1047 silly tar   entry: Is {
1047 silly tar     _events: [Object: null prototype] {},
1047 silly tar     _eventsCount: 0,
1047 silly tar     _maxListeners: undefined,
1047 silly tar     writable: false,
1047 silly tar     readable: false,
1047 silly tar     extended: undefined,
1047 silly tar     globalExtended: undefined,
1047 silly tar     header: Ls {
1047 silly tar       cksumValid: true,
1047 silly tar       needPax: false,
1047 silly tar       nullBlock: false,
1047 silly tar       block: undefined,
1047 silly tar       path: 'package/dist/esm/icons/ticket-plus.mjs',
1047 silly tar       mode: 420,
1047 silly tar       uid: 0,
1047 silly tar       gid: 0,
1047 silly tar       size: 662,
1047 silly tar       cksum: 7458,
1047 silly tar       linkpath: '',
1047 silly tar       uname: '',
1047 silly tar       gname: '',
1047 silly tar       devmaj: 0,
1047 silly tar       devmin: 0,
1047 silly tar       atime: undefined,
1047 silly tar       ctime: undefined,
1047 silly tar       mtime: 1985-10-26T08:15:00.000Z,
1047 silly tar       charset: undefined,
1047 silly tar       comment: undefined
1047 silly tar     },
1047 silly tar     startBlockSize: 1024,
1047 silly tar     blockRemain: 0,
1047 silly tar     remain: 0,
1047 silly tar     type: 'File',
1047 silly tar     meta: false,
1047 silly tar     ignore: false,
1047 silly tar     path: 'dist/esm/icons/ticket-plus.mjs',
1047 silly tar     mode: 438,
1047 silly tar     uid: 0,
1047 silly tar     gid: 0,
1047 silly tar     uname: '',
1047 silly tar     gname: '',
1047 silly tar     size: 662,
1047 silly tar     mtime: 1985-10-26T08:15:00.000Z,
1047 silly tar     atime: undefined,
1047 silly tar     ctime: undefined,
1047 silly tar     linkpath: undefined,
1047 silly tar     dev: undefined,
1047 silly tar     ino: undefined,
1047 silly tar     nlink: undefined,
1047 silly tar     invalid: false,
1047 silly tar     absolute: 'C:/SIH26142-SRM/frontend/node_modules/lucide-react/dist/esm/icons/ticket-plus.mjs',
1047 silly tar     unsupported: false,
1047 silly tar     Symbol(shapeMode): false,
1047 silly tar     Symbol(kCapture): false,
1047 silly tar     Symbol(flowing): false,
1047 silly tar     Symbol(paused): true,
1047 silly tar     Symbol(pipes): [ [Ht] ],
1047 silly tar     Symbol(buffer): [],
1047 silly tar     Symbol(objectMode): false,
1047 silly tar     Symbol(encoding): null,
1047 silly tar     Symbol(async): false,
1047 silly tar     Symbol(decoder): null,
1047 silly tar     Symbol(EOF): true,
1047 silly tar     Symbol(emittedEnd): true,
1047 silly tar     Symbol(emittingEnd): false,
1047 silly tar     Symbol(closed): false,
1047 silly tar     Symbol(emittedError): null,
1047 silly tar     Symbol(bufferLength): 0,
1047 silly tar     Symbol(destroyed): false,
1047 silly tar     Symbol(signal): undefined,
1047 silly tar     Symbol(aborted): false,
1047 silly tar     Symbol(dataListeners): 0,
1047 silly tar     Symbol(discarded): false
1047 silly tar   },
1047 silly tar   cwd: 'C:/SIH26142-SRM/frontend/node_modules/lucide-react',
1047 silly tar   tarCode: 'TAR_ENTRY_ERROR'
1047 silly tar }
1048 http fetch GET 200 https://registry.npmjs.org/lucide-react/-/lucide-react-1.34.0.tgz 54918ms (cache miss)
1049 silly ADD node_modules/fdir
1050 silly ADD node_modules/@rolldown/binding-win32-x64-msvc
1051 silly ADD node_modules/@oxc-project/types
1052 silly ADD node_modules/lightningcss-win32-x64-msvc
1053 silly ADD node_modules/detect-libc
1054 silly ADD node_modules/tinyglobby
1055 silly ADD node_modules/rolldown
1056 silly ADD node_modules/picomatch
1057 silly ADD node_modules/lightningcss
1058 silly ADD node_modules/d3-path
1059 silly ADD node_modules/d3-time-format
1060 silly ADD node_modules/d3-format
1061 silly ADD node_modules/d3-color
1062 silly ADD node_modules/internmap
1063 silly ADD node_modules/@types/d3-path
1064 silly ADD node_modules/@types/d3-color
1065 silly ADD node_modules/d3-timer
1066 silly ADD node_modules/d3-time
1067 silly ADD node_modules/d3-shape
1068 silly ADD node_modules/d3-scale
1069 silly ADD node_modules/d3-interpolate
1070 silly ADD node_modules/d3-ease
1071 silly ADD node_modules/d3-array
1072 silly ADD node_modules/@types/d3-timer
1073 silly ADD node_modules/@types/d3-time
1074 silly ADD node_modules/@types/d3-shape
1075 silly ADD node_modules/@types/d3-scale
1076 silly ADD node_modules/@types/d3-interpolate
1077 silly ADD node_modules/@types/d3-ease
1078 silly ADD node_modules/@types/d3-array
1079 silly ADD node_modules/escalade
1080 silly ADD node_modules/@typescript/typescript-win32-x64
1081 silly ADD node_modules/@types/use-sync-external-store
1082 silly ADD node_modules/redux-thunk
1083 silly ADD node_modules/redux
1084 silly ADD node_modules/@standard-schema/utils
1085 silly ADD node_modules/@standard-schema/spec
1086 silly ADD node_modules/victory-vendor
1087 silly ADD node_modules/use-sync-external-store
1088 silly ADD node_modules/tiny-invariant
1089 silly ADD node_modules/reselect
1090 silly ADD node_modules/react-redux
1091 silly ADD node_modules/immer
1092 silly ADD node_modules/eventemitter3
1093 silly ADD node_modules/es-toolkit
1094 silly ADD node_modules/decimal.js-light
1095 silly ADD node_modules/clsx
1096 silly ADD node_modules/@reduxjs/toolkit
1097 silly ADD node_modules/scheduler
1098 silly ADD node_modules/source-map-js
1099 silly ADD node_modules/nanoid
1100 silly ADD node_modules/update-browserslist-db
1101 silly ADD node_modules/node-releases
1102 silly ADD node_modules/electron-to-chromium
1103 silly ADD node_modules/baseline-browser-mapping
1104 silly ADD node_modules/postcss-value-parser
1105 silly ADD node_modules/picocolors
1106 silly ADD node_modules/fraction.js
1107 silly ADD node_modules/caniuse-lite
1108 silly ADD node_modules/browserslist
1109 silly ADD node_modules/@rolldown/pluginutils
1110 silly ADD node_modules/csstype
1111 silly ADD node_modules/typescript
1112 silly ADD node_modules/tailwindcss
1113 silly ADD node_modules/react-is
1114 silly ADD node_modules/recharts
1115 silly ADD node_modules/react-dom
1116 silly ADD node_modules/react
1117 silly ADD node_modules/lucide-react
1118 silly ADD node_modules/postcss
1119 silly ADD node_modules/autoprefixer
1120 silly ADD node_modules/vite
1121 silly ADD node_modules/@vitejs/plugin-react
1122 silly ADD node_modules/@types/react-dom
1123 silly ADD node_modules/@types/react
1124 verbose cwd C:\SIH26142-SRM\frontend
1125 verbose os Windows_NT 10.0.26200
1126 verbose node v24.19.0
1127 verbose npm  v11.17.0
1128 notice
1128 notice New major version of npm available! 11.17.0 -> 12.0.2
1128 notice Changelog: https://github.com/npm/cli/releases/tag/v12.0.2
1128 notice To update run: npm install -g npm@12.0.2
1128 notice  { force: true, Symbol(proc-log.meta): true }
1129 verbose exit 0
1130 info ok
